<sinj>
<mm>*/C15B5CC27B17BB65/*</mm>
<nh>domain.com</nh>
<srv>185.20.184.74:80</srv>
</sinj>
<sinj>
<mm>https://bcdn-*.we-stats.com/scripts/*.js*</mm>
<nh>domain.com</nh>
<srv>185.20.184.74:80</srv>
</sinj>
<sinj>
<mm>*/5229981FDFCCFA98/check.php*</mm>
<nh>domain.com</nh>
<srv>185.20.184.74:80</srv>
</sinj>
</slist>
<slist>
<sinj>
<mm>https://www.rbsidigital.com*</mm>
<sm>https://www.rbsidigital.com/default.aspx*</sm>
<nh>krsajxnbficgmrhtwsoezpklqvyd.net</nh>
<url404></url404>
<srv>89.191.234.68:443</srv>
</sinj>

<sinj>
<mm>https://lloydslink.online.lloydsbank.com*</mm>
<sm>https://lloydslink.online.lloydsbank.com/Logon*</sm>
<nh>dcsaavcktpwhbgfsdqenylxujzir.net</nh>
<url404></url404>
<srv>89.191.234.68:443</srv>
</sinj>

<sinj>
<mm>https://www.business.hsbc.co.uk*</mm>
<sm>https://www.business.hsbc.co.uk*</sm>
<nh>crsazobrvtfkjplaehwqgdiysunx.net</nh>
<url404></url404>
<srv>89.191.234.68:443</srv>
</sinj>
<sinj>
<mm>https://banking.bankofscotland.co.uk*</mm>
<sm>https://banking.bankofscotland.co.uk/Logon*</sm>
<nh>dbsaxdcigrkamspqubtlwyvfzhje.net</nh>
<url404></url404>
<srv>89.191.234.68:443</srv>
</sinj>

<sinj>
<mm>https://online-business.bankofscotland.co.uk*</mm>
<sm>https://online-business.bankofscotland.co.uk/business*</sm>
<nh>bcsayvtnzfcrdhlqsxgwjmoiaupb.net</nh>
<url404></url404>
<srv>89.191.234.68:443</srv>
</sinj>
<sinj>
<mm>https://ebanking2.danskebank.co.uk*</mm>
<sm>https://ebanking2.danskebank.co.uk/pub/logon/logon.aspx*</sm>
<nh>rksaexarsftnibhvudlzqoyjcmwg.net</nh>
<url404></url404>
<srv>89.191.234.68:443</srv>
</sinj>
<sinj>
<mm>https://northrimbankonline.btbanking.com*</mm>
<sm>https://northrimbankonline.btbanking.com/onlineserv/CM*</sm>
<nh>qhsafgxbjzmkyhsreduolvwpniat.net</nh>
<url404></url404>
<srv>89.191.234.68:443</srv>
</sinj>
<sinj>
<mm>https://home2.ybonline.co.uk*</mm>
<sm>https://home?.ybonline.co.uk/raluV8/reglm-web/login.ctl*</sm>
<nh>hqsaszutylfcbgjixvamhroqwkdn.net</nh>
<url404></url404>
<srv>89.191.234.68:443</srv>
</sinj>
<sinj>
<mm>https://corporate.metrobankonline.co.uk*</mm>
<sm>https://corporate.metrobankonline.co.uk/servlet/BrowserServlet*</sm>
<nh>bosafgjzkvluxdbesynthcromiaw.com</nh>
<url404></url404>
<srv>89.191.234.68:443</srv>
</sinj>
<sinj>
<mm>https://www.natwestibanking.com*</mm>
<sm>https://www.natwestibanking.com/eai/IPB_EAI_Web/*</sm>
<nh>hcsaxsuezwpdnamyqrgbfvklhtic.net</nh>
<url404></url404>
<srv>89.191.234.68:443</srv>
</sinj>
<sinj>
<mm>https://banking.cumberland.co.uk*</mm>
<sm>https://banking.cumberland.co.uk/internetBanking/personal*</sm>
<nh>dbsbkrplohtmcuydxniwbjafqsvg.net</nh>
<url404></url404>
<srv>89.191.234.68:443</srv>
</sinj>
<sinj>
<mm>https://alolb1.arbuthnotlatham.co.uk*</mm>
<sm>https://alolb1.arbuthnotlatham.co.uk/IB/Online*</sm>
<nh>arsauorwyzmakihxjgedlsntqpbc.com</nh>
<url404></url404>
<srv>89.191.234.68:443</srv>
</sinj>
<sinj>
<mm>https://online.hoaresbank.co.uk*</mm>
<sm>https://online.hoaresbank.co.uk/fi11512/bb/logon*</sm>
<nh>aqsaugrztmbjlvoshdnepqfkiayw.com</nh>
<url404></url404>
<srv>89.191.234.68:443</srv>
</sinj>
<sinj>
<mm>https://butterfieldonline.co.uk*</mm>
<sm>https://butterfieldonline.co.uk/*</sm>
<nh>ahsategbqzxhdounysfwcmavpjil.com</nh>
<url404></url404>
<srv>89.191.234.68:443</srv>
</sinj>
<sinj>
<mm>https://ibusinessbanking.aib.ie*</mm>
<sm>https://ibusinessbanking.aib.ie/ibb/controller*</sm>
<nh>oosacbdgvkqzwsuyaoflrnmxheit.com</nh>
<url404></url404>
<srv>89.191.234.68:443</srv>
</sinj>
<sinj>
<mm>https://www.internationalpayments.co.uk*</mm>
<sm>https://www.internationalpayments.co.uk/*</sm>
<nh>orsaetsokpjfabvdqxhyzrclwmng.com</nh>
<url404></url404>
<srv>89.191.234.68:443</srv>
</sinj>
<sinj>
<mm>https://www.asbolb.com*</mm>
<sm>https://www.asbolb.com/servlet/ASB.ASBServlet*</sm>
<nh>assaghqtnbirjofsvkxulyedcwpa.com</nh>
<url404></url404>
<srv>89.191.234.68:443</srv>
</sinj>
<sinj>
<mm>https://personal.co-operativebank.co.uk*</mm>
<sm>https://personal.co-operativebank.co.uk/CBIBSWeb/start.do*</sm>
<nh>aosarsikxzpdgefwcyhjolqmatuv.com</nh>
<url404></url404>
<srv>89.191.234.68:443</srv>
</sinj>
<sinj>
<mm>https://cbfm.saas.cashfac.com*</mm>
<sm>https://cbfm.saas.cashfac.com/cbfm/Logon.aspx*</sm>
<nh>acsalovtgzpxbqfcahjmnwsukeiy.com</nh>
<url404></url404>
<srv>89.191.234.68:443</srv>
</sinj>
<sinj>
<mm>https://onlinebanking.bankleumi.co.uk*</mm>
<sm>https://onlinebanking.bankleumi.co.uk/corp/AuthenticationController*</sm>
<nh>ohsanfmhrgozeksutqlwivjcdbay.com</nh>
<url404></url404>
<srv>89.191.234.68:443</srv>
</sinj>
<sinj>
<mm>https://www.caterallenonline.co.uk*</mm>
<sm>https://www.caterallenonline.co.uk/*</sm>
<nh>ossagoreidauywltshfnmbpxqczv.com</nh>
<url404></url404>
<srv>89.191.234.68:443</srv>
</sinj>
<sinj>
<mm>https://onlinebusiness.lloydsbank.co.uk*</mm>
<sm>https://onlinebusiness.lloydsbank.co.uk/business*</sm>
<nh>absaqjdkapirmxfgvlhszuboctey.com</nh>
<url404></url404>
<srv>89.191.234.68:443</srv>
</sinj>
<sinj>
<mm>https://ibank.zenith-bank.co.uk*</mm>
<sm>https://ibank.zenith-bank.co.uk/internetbanking/index.jsp*</sm>
<nh>cssanvehqksxultzcijopgybrmwa.com</nh>
<url404></url404>
<srv>89.191.234.68:443</srv>
</sinj>
<sinj>
<mm>https://ibank.gtbankuk.com*</mm>
<sm>https://ibank.gtbankuk.com/Gaps_UK/Default.aspx*</sm>
<nh>cksavnriyklqfgbtmwujacosehdp.com</nh>
<url404></url404>
<srv>89.191.234.68:443</srv>
</sinj>
<sinj>
<mm>https://online.bankofcyprus.co.uk*</mm>
<sm>https://online.bankofcyprus.co.uk/netteller/login.faces*</sm>
<nh>dosaczgfspykhumxaqverwlotbdn.com</nh>
<url404></url404>
<srv>89.191.234.68:443</srv>
</sinj>
<sinj>
<mm>https://banking.ireland-bank.com*</mm>
<sm>https://banking.ireland-bank.com/IrelandBankOnline_303/Authentication/Login.aspx*</sm>
<nh>dasajwuxclzdhnryokatembpqvsg.com</nh>
<url404></url404>
<srv>89.191.234.68:443</srv>
</sinj>
<sinj>
<mm>https://bankofirelandlifeonline.ie*</mm>
<sm>https://bankofirelandlifeonline.ie/*</sm>
<nh>dcsaagfhpjwsudceivtokmlbzyrn.com</nh>
<url404></url404>
<srv>89.191.234.68:443</srv>
</sinj>
<sinj>
<mm>https://www.kbinternetbanking.com:8443*</mm>
<sm>https://www.kbinternetbanking.com:8443/ARCIB-NEWF/index.html*</sm>
<nh>cosabvjcfxudkaiepghzsryotwqn.com</nh>
<url404></url404>
<srv>89.191.234.68:443</srv>
</sinj>
<sinj>
<mm>https://ibank.reliancebankltd.com*</mm>
<sm>https://ibank.reliancebankltd.com/logon.aspx*</sm>
<nh>casabtzqayocpiwldrsmxuegfhjk.com</nh>
<url404></url404>
<srv>89.191.234.68:443</srv>
</sinj>
<sinj>
<mm>https://online.duncanlawrie.com*</mm>
<sm>https://online.duncanlawrie.com/InternetBanking/faces/mdi/login.jsp*</sm>
<nh>ccsaisrqugzytachdxklfjenopbw.com</nh>
<url404></url404>
<srv>89.191.234.68:443</srv>
</sinj>
<sinj>
<mm>https://bureau.bottomline.co.uk*</mm>
<sm>https://bureau.bottomline.co.uk/unity/index.aspx*</sm>
<nh>cbsaepjkrbloqcfuysiamxzwgndh.com</nh>
<url404></url404>
<srv>89.191.234.68:443</srv>
</sinj>
<sinj>
<mm>https://ibb.firsttrustbank1.co.uk*</mm>
<sm>https://ibb.firsttrustbank1.co.uk/ibb/controller*</sm>
<nh>crsaqoxdeghusfljtayrzwnibcpv.com</nh>
<url404></url404>
<srv>89.191.234.68:443</srv>
</sinj>
<sinj>
<mm>https://netbanking.ubluk.com*</mm>
<sm>https://netbanking.ubluk.com/Login/Index*</sm>
<nh>chsadpqgehjstnrmxcbulkafyivw.com</nh>
<url404></url404>
<srv>89.191.234.68:443</srv>
</sinj>
<sinj>
<mm>https://my.sjpbank.co.uk*</mm>
<sm>https://my.sjpbank.co.uk/Security/Auth/Logon*</sm>
<nh>rssaqtwfrnlxcobeuhzdskapimjv.com</nh>
<url404></url404>
<srv>89.191.234.68:443</srv>
</sinj>
<sinj>
<mm>https://ebaer.juliusbaer.com*</mm>
<sm>https://ebaer.juliusbaer.com/*</sm>
<nh>kasafvomibchaxewryzntdjlkgqp.com</nh>
<url404></url404>
<srv>89.191.234.68:443</srv>
</sinj>
<sinj>
<mm>https://ebanking-ch2.ubs.com*</mm>
<sm>https://ebanking-ch2.ubs.com/workbench/Index.do*</sm>
<nh>kcsagzefqsplbxvwutnmdcoraijh.com</nh>
<url404></url404>
<srv>89.191.234.68:443</srv>
</sinj>
<sinj>
<mm>https://ebank.turkishbank.co.uk*</mm>
<sm>https://ebank.turkishbank.co.uk/Default2.aspx*</sm>
<nh>sbsaroqughcnmxbdtwlzipjakvfe.com</nh>
<url404></url404>
<srv>89.191.234.68:443</srv>
</sinj>
<sinj>
<mm>https://banking.triodos.co.uk*</mm>
<sm>https://banking.triodos.co.uk/ib-seam/login.seam?loginType=username*</sm>
<nh>sdsavjapqtmrkhefxcsbiwdoylng.com</nh>
<url404></url404>
<srv>89.191.234.68:443</srv>
</sinj>
<sinj>
<mm>https://nebasilicon.fdecs.com*</mm>
<sm>https://nebasilicon.fdecs.com/eCustService/*</sm>
<nh>srsapuijqxewmhkdyfosvbtrnacl.com</nh>
<url404></url404>
<srv>89.191.234.68:443</srv>
</sinj>
<sinj>
<mm>https://infinity.icicibank.co.uk*</mm>
<sm>https://infinity.icicibank.co.uk/UKRET/BANKAWAY*</sm>
<nh>sqsakbtnajmxzulsdhqyrwfvogce.com</nh>
<url404></url404>
<srv>89.191.234.68:443</srv>
</sinj>
<sinj>
<mm>https://ibank.theaccessbankukltd.co.uk*</mm>
<sm>https://ibank.theaccessbankukltd.co.uk/entry/CorpLoginLang.html*</sm>
<nh>shsacfgevxzuqrjbpiktnmwladsh.com</nh>
<url404></url404>
<srv>89.191.234.68:443</srv>
</sinj>
<sinj>
<mm>https://www.standardlife.co.uk*</mm>
<sm>https://www.standardlife.co.uk/c1/login.page*</sm>
<nh>sksajmftdiswqpyrhobunzxckelv.com</nh>
<url404></url404>
<srv>89.191.234.68:443</srv>
</sinj>
<sinj>
<mm>https://www.youinvest.co.uk*</mm>
<sm>https://www.youinvest.co.uk/LogIn/username*</sm>
<nh>dosaticbuhfndreyvlpzksqwoaxg.org</nh>
<url404></url404>
<srv>89.191.234.68:443</srv>
</sinj>
<sinj>
<mm>https://banking.lloydsbank.com*</mm>
<sm>https://banking.lloydsbank.com/Logon*</sm>
<nh>qrsabtlahkxcvesqzwoidjpnuyrf.org</nh>
<url404></url404>
<srv>89.191.234.68:443</srv>
</sinj>
<sinj>
<mm>https://secure.tddirectinvesting.co.uk*</mm>
<sm>https://secure.tddirectinvesting.co.uk/webbroker2/login.jsp*</sm>
<nh>cssapquydwxjavczbginmlrkhets.org</nh>
<url404></url404>
<srv>89.191.234.68:443</srv>
</sinj>
<sinj>
<mm>https://www.deutschebank-dbdirect.com*</mm>
<sm>https://www.deutschebank-dbdirect.com/cas/login*</sm>
<nh>dbsapgslxizowhcbqftramyvujde.org</nh>
<url404></url404>
<srv>89.191.234.68:443</srv>
</sinj>
<sinj>
<mm>https://jpmcsso-uk.jpmorgan.com*</mm>
<sm>https://jpmcsso-uk.jpmorgan.com/sso/action/federateLogin*</sm>
<nh>qqsauthxriamjyoqegnlsfbcdvzk.inf</nh>
<url404></url404>
<srv>89.191.234.68:443</srv>
</sinj>

<sinj>
<mm>https://secure.aldermorebusinesssavings.co.uk*</mm>
<sm>https://secure.aldermorebusinesssavings.co.uk/corporate*</sm>
<nh>ocsasuqiwkzxpgmfbtacjvlodhey.edu</nh>
<url404></url404>
<srv>89.191.234.68:443</srv>
</sinj>
<sinj>
<mm>https://www.unity-online.co.uk*</mm>
<sm>https://www.unity-online.co.uk/*</sm>
<nh>oasaeztqcxnrpgjukhbvymsodfwa.edu</nh>
<url404></url404>
<srv>89.191.234.68:443</srv>
</sinj>
<sinj>
<mm>https://www.barclayswealth.com*</mm>
<sm>https://www.barclayswealth.com/login/action/logon/unauthenticated/corporate*</sm>
<nh>oosahbkgoelntpsriqzuvfxcmjwy.edu</nh>
<url404></url404>
<srv>89.191.234.68:443</srv>
</sinj>
<sinj>
<mm>https://uksecure.barclayswealth.com*</mm>
<sm>https://uksecure.barclayswealth.com/*</sm>
<nh>casabenohwydxgavuflrzqsimkjt.nzo</nh>
<url404></url404>
<srv>89.191.234.68:443</srv>
</sinj>
<sinj>
<mm>https://onlinebanking.coutts.com*</mm>
<sm>https://onlinebanking.coutts.com/auth/login*</sm>
<nh>dosamdjrcopuehfivzlawbsgtqyn.nzo</nh>
<url404></url404>
<srv>89.191.234.68:443</srv>
</sinj>
<sinj>
<mm>https://www.gerrard.com*</mm>
<sm>https://www.gerrard.com/clientcentre/login.aspx*</sm>
<nh>cdsacpytmwoervjhdzlsgqainkxb.nzo</nh>
<url404></url404>
<srv>89.191.234.68:443</srv>
</sinj>
<sinj>
<mm>https://uk.hkbea-cyberbanking.com*</mm>
<sm>https://uk.hkbea-cyberbanking.com/UCBWeb/Index.action*</sm>
<nh>obscidxlgmuszefkwjoanrbhpvqt.com</nh>
<url404></url404>
<srv>89.191.234.68:443</srv>
</sinj>
<sinj>
<mm>https://uk.hkbea-cyberbanking.com*</mm>
<sm>https://uk.hkbea-cyberbanking.com/UCBCorp/Index.action*</sm>
<nh>orscewjmbgpzrytqaokuxvdihncs.com</nh>
<url404></url404>
<srv>89.191.234.68:443</srv>
</sinj>
<sinj>
<mm>https://onlinebanking.nationwide.co.uk*</mm>
<sm>https://onlinebanking.nationwide.co.uk*</sm>
<nh>casdkhjyxdunvfoegptsqbzwcram.org</nh>
<url404></url404>
<srv>89.191.234.68:443</srv>
</sinj>
<sinj>
<mm>https://cbonline.bankofscotland.co.uk*</mm>
<sm>https://cbonline.bankofscotland.co.uk/PrimaryAuth/*</sm>
<nh>dosdndeogfxhqtiljvmrywpsazcb.org</nh>
<url404></url404>
<srv>89.191.234.68:443</srv>
</sinj>

<sinj>
<mm>https://cbonline.lloydsbank.com*</mm>
<sm>https://cbonline.lloydsbank.com/PrimaryAuth/*</sm>
<nh>dasdotpgqasymfbkehvwdzcrlniu.org</nh>
<url404></url404>
<srv>89.191.234.68:443</srv>
</sinj>
<sinj>
<mm>https://ulsterbank.co.uk*</mm>
<sm>https://ulsterbank.co.uk/ni/business/global/login.ashx*</sm>
<nh>ddsdwetxmcrqhbpzigvydnlaukfo.org</nh>
<url404></url404>
<srv>89.191.234.68:443</srv>
</sinj>
<sinj>
<mm>https://www.iombankibanking.com*</mm>
<sm>https://www.iombankibanking.com/eai/IPB_EAI_Web/Service.do*</sm>
<nh>drsdlpvdfkawbsreiuoqtyxnhmcz.org</nh>
<url404></url404>
<srv>89.191.234.68:443</srv>
</sinj>
<sinj>
<mm>https://www.rbsiibanking.com*</mm>
<sm>https://www.rbsiibanking.com/eai/IPB_EAI_Web/Service.do*</sm>
<nh>dqsdbowjuerzpgihftxdaslymnqv.org</nh>
<url404></url404>
<srv>89.191.234.68:443</srv>
</sinj>
<sinj>
<mm>https://www.natwestibanking.com*</mm>
<sm>https://www.natwestibanking.com/eai/IPB_EAI_Web/Service.do*</sm>
<nh>dhsdsudnkrwgoxcbzjfhalmitevq.org</nh>
<url404></url404>
<srv>89.191.234.68:443</srv>
</sinj>
<sinj>
<mm>https://wealthclient.closebrothers.com*</mm>
<sm>https://wealthclient.closebrothers.com/Login*</sm>
<nh>dcsbcdfxijvsayepzlkoghnbruwt.net</nh>
<url404></url404>
<srv>89.191.234.68:443</srv>
</sinj>
<sinj>
<mm>https://www.coventrybuildingsociety.co.uk*</mm>
<sm>https://www.coventrybuildingsociety.co.uk/onlineservices/login/ols_login.aspx*</sm>
<nh>ddsbtlewucfhksgrvjpmxqyzodai.net</nh>
<url404></url404>
<srv>89.191.234.68:443</srv>
</sinj>
<sinj>
<mm>https://interface.htb.co.uk*</mm>
<sm>https://interface.htb.co.uk/NvNGW/*</sm>
<nh>dqsbobceatrqnszyluwfvxmkgjph.net</nh>
<url404></url404>
<srv>89.191.234.68:443</srv>
</sinj>
<sinj>
<mm>https://ib.lloydsbank.com*</mm>
<sm>https://ib.lloydsbank.com/arcib/servlet/BrowserServlet*</sm>
<nh>dssbhlwfqmutxavzrekjiopbcyns.net</nh>
<url404></url404>
<srv>89.191.234.68:443</srv>
</sinj>
<sinj>
<mm>https://secure.funds.lloydsbank.com*</mm>
<sm>https://secure.funds.lloydsbank.com/user/logon.aspx*</sm>
<nh>dksbwpmtszlneofrqahbxucivkgy.net</nh>
<url404></url404>
<srv>89.191.234.68:443</srv>
</sinj>
<sinj>
<mm>https://www.tescobank.com*</mm>
<sm>https://www.tescobank.com/sss/auth*</sm>
<nh>bosbiysnkhpatvwcfeudbrmjqxog.net</nh>
<url404></url404>
<srv>89.191.234.68:443</srv>
</sinj>
<sinj>
<mm>https://internetbanking.tsb.co.uk*</mm>
<sm>https://internetbanking.tsb.co.uk/personal/logon/login*</sm>
<nh>basbovkrmnidsabqclpuzyjftehg.net</nh>
<url404></url404>
<srv>89.191.234.68:443</srv>
</sinj>
<sinj>
<mm>https://www1.hsbcprivatebank.com*</mm>
<sm>https://www1.hsbcprivatebank.com/1/2/*</sm>
<nh>cdsbdnzxgqikcjsauephmorltfvw.net</nh>
<url404></url404>
<srv>89.191.234.68:443</srv>
</sinj>
<sinj>
<mm>https://bankonline.sboff.com*</mm>
<sm>https://bankonline.sboff.com/OFS2/InternetBanking*</sm>
<nh>chsbldunxofyhbktpczvwgqjiser.net</nh>
<url404></url404>
<srv>89.191.234.68:443</srv>
</sinj>
<sinj>
<mm>https://banking.smile.co.uk*</mm>
<sm>https://banking.smile.co.uk/SmileWeb/start.do*</sm>
<nh>cqsbrteqvolgjykwbpamhszcdnfu.net</nh>
<url404></url404>
<srv>89.191.234.68:443</srv>
</sinj>
<sinj>
<mm>https://online.alrayanbank.co.uk*</mm>
<sm>https://online.alrayanbank.co.uk/online/aspscripts/Logon.asp*</sm>
<nh>cssbduntqrlwhgkapozexbvfysic.net</nh>
<url404></url404>
<srv>89.191.234.68:443</srv>
</sinj>
<sinj>
<mm>https://mybbsaccounts.bucksbs.co.uk*</mm>
<sm>https://mybbsaccounts.bucksbs.co.uk/mlogn01.asp*</sm>
<nh>cksbhzbxavstdelmurkwifgcpjqy.net</nh>
<url404></url404>
<srv>89.191.234.68:443</srv>
</sinj>
<sinj>
<mm>https://online.ccbank.co.uk*</mm>
<sm>https://online.ccbank.co.uk/main.asp*</sm>
<nh>dosbsvuacoitgqbypfxhwljnzked.net</nh>
<url404></url404>
<srv>89.191.234.68:443</srv>
</sinj>
<sinj>
<mm>https://u-2-view.chorleybs.co.uk*</mm>
<sm>https://u-2-view.chorleybs.co.uk/mlogn01.asp*</sm>
<nh>dasbvcqobdtfrwulmhzjeanypxkg.net</nh>
<url404></url404>
<srv>89.191.234.68:443</srv>
</sinj>
<sinj>
<mm>https://paragonbank.com*</mm>
<sm>https://paragonbank.com/login/*</sm>
<nh>bqsbdgeuranjctqlpzfmhxvosbwy.net</nh>
<url404></url404>
<srv>89.191.234.68:443</srv>
</sinj>
<sinj>
<mm>https://client.nedsecure-int.com*</mm>
<sm>https://client.nedsecure-int.com/*</sm>
<nh>bcsbdkoajtzfcsqylepugnvrbixw.net</nh>
<url404></url404>
<srv>89.191.234.68:443</srv>
</sinj>
<sinj>
<mm>https://introducer.nedsecure-int.com*</mm>
<sm>https://introducer.nedsecure-int.com/csp/introducer/index.csp*</sm>
<nh>bdsbsbkjygrowufvxpilndcqtezh.net</nh>
<url404></url404>
<srv>89.191.234.68:443</srv>
</sinj>
<sinj>
<mm>https://www.rathbonesonline.com*</mm>
<sm>https://www.rathbonesonline.com/template.LOGIN/*</sm>
<nh>bhsbcqzkxyptbfgurhisonmwalej.net</nh>
<url404></url404>
<srv>89.191.234.68:443</srv>
</sinj>
<sinj>
<mm>https://internetbanking.securetrustbank.com*</mm>
<sm>https://internetbanking.securetrustbank.com/SecureTrust/SecureTrust*</sm>
<nh>bssbkrfpazmybdseviwuxoqhcjng.net</nh>
<url404></url404>
<srv>89.191.234.68:443</srv>
</sinj>
<sinj>
<mm>https://login.blockchain.com*</mm>
<sm>https://login.blockchain.com*</sm>
<nh>bhsdlmevnoipyqgafbhuwtxkcjzs.org</nh>
<url404></url404>
<srv>89.191.234.68:443</srv>
</sinj>
<sinj>
<mm>https://myaccounts.newbury.co.uk*</mm>
<sm>https://myaccounts.newbury.co.uk/main.asp*</sm>
<nh>bbsbabftizqougprynjhmkwvexdc.net</nh>
<url404></url404>
<srv>89.191.234.68:443</srv>
</sinj>
<sinj>
<mm>https://online.paragonbank.co.uk*</mm>
<sm>https://online.paragonbank.co.uk/ofis/login.aspx*</sm>
<nh>brsbcejshvropyqlgamnztibfdku.net</nh>
<url404></url404>
<srv>89.191.234.68:443</srv>
</sinj>
<sinj>
<mm>https://www.onlinebanking.iombank.com*</mm>
<sm>https://www.onlinebanking.iombank.com/default.aspx*</sm>
<nh>kdsajnsthbvprygaxulkfimdczwe.net</nh>
<url404></url404>
<srv>89.191.234.68:443</srv>
</sinj>
<sinj>
<mm>https://www2.firstdirect.com*</mm>
<sm>https://www2.firstdirect.com/1/2/!ut/p/c5/04_SB8K8xLLM9MSSzPy8xBz9CP0os3gDgzAfSycDUy8LAzNDbz8vbzMDKADKR5rFO7s7epiY-wD5YZ6uBp4mTiYGpr5uhgaexmDdFibeBn7enkEuBs4ejiYeHkGGMN0FuaGKAPRSfDc!*</sm>
<nh>cqsabkwpuczsmvlatxndforejqgh.com</nh>
<url404></url404>
<srv>89.191.234.68:443</srv>
</sinj>
<sinj>
<mm>https://business.co-operativebank.co.uk*</mm>
<sm>https://business.co-operativebank.co.uk/corp/*</sm>
<nh>qcsaprevkhjbutoagdfwcsqyxnim.net</nh>
<url404></url404>
<srv>89.191.234.68:443</srv>
</sinj>
<sinj>
<mm>https://online.adambank.com*</mm>
<sm>https://online.adambank.com/eBankingAdamLogin/login*</sm>
<nh>hdsalfkcvqrwjabighyotzpudxnm.net</nh>
<url404></url404>
<srv>89.191.234.68:443</srv>
</sinj>
<sinj>
<mm>https://www.rbsiibanking.com*</mm>
<sm>https://www.rbsiibanking.com/ipb/IPB_Client_Web/Start.do*</sm>
<nh>sbsaekoqaczygtdnuvhwxbfmisrj.net</nh>
<url404></url404>
<srv>89.191.234.68:443</srv>
</sinj>
<sinj>
<mm>https://business2.danskebank.co.uk*</mm>
<sm>https://business2.danskebank.co.uk/pub/logon/logon.aspx*</sm>
<nh>qosacktjqdryglziebfpvwhonasm.net</nh>
<url404></url404>
<srv>89.191.234.68:443</srv>
</sinj>
<sinj>
<mm>https://home1.cybusinessonline.co.uk*</mm>
<sm>https://home?.cybusinessonline.co.uk/lmgruV8/ceblm-web/login.ctl*</sm>
<nh>hrsaudgmskijzpntlcaqxhyfbore.net</nh>
<url404></url404>
<srv>89.191.234.68:443</srv>
</sinj>
<sinj>
<mm>https://online.coutts.com*</mm>
<sm>https://online.coutts.com/eBankingCouttsLogin/login*</sm>
<nh>qasaifgwptkomvyasqjclrhxuezd.net</nh>
<url404></url404>
<srv>89.191.234.68:443</srv>
</sinj>
<sinj>
<mm>https://fdonline.co-operativebank.co.uk*</mm>
<sm>https://fdonline.co-operativebank.co.uk/corp*</sm>
<nh>hbsazwfsaieumpdbcqkyxtnhrjvo.net</nh>
<url404></url404>
<srv>89.191.234.68:443</srv>
</sinj>
<sinj>
<mm>https://cardonebanking.com*</mm>
<sm>https://cardonebanking.com/authlogin.aspx?business*</sm>
<nh>qksahlrobycaktfgmdqujniwzxpv.com</nh>
<url404></url404>
<srv>89.191.234.68:443</srv>
</sinj>
<sinj>
<mm>https://online.ybs.co.uk*</mm>
<sm>https://online.ybs.co.uk/public/authentication/login1.do*</sm>
<nh>aksanwizvduotfjlhqxgacpykmbr.com</nh>
<url404></url404>
<srv>89.191.234.68:443</srv>
</sinj>
<sinj>
<mm>https://cardonebanking.com*</mm>
<sm>https://cardonebanking.com/authlogin.aspx*</sm>
<nh>qssamtlweuydbznichosjkfvxgrp.com</nh>
<url404></url404>
<srv>89.191.234.68:443</srv>
</sinj>
<sinj>
<mm>https://clients.tilneybestinvest.co.uk*</mm>
<sm>https://clients.tilneybestinvest.co.uk/ORM/Login.aspx*</sm>
<nh>odsakosdvpmuexahgwzcblfntrqi.org</nh>
<url404></url404>
<srv>89.191.234.68:443</srv>
</sinj>
<sinj>
<mm>https://bankinguk.secure.investec.com*</mm>
<sm>https://bankinguk.secure.investec.com/login.html*</sm>
<nh>kssclbrhyngutqikmoczpwefajvs.net</nh>
<url404></url404>
<srv>89.191.234.68:443</srv>
</sinj>
<sinj>
<mm>https://businessinternetbanking.tsb.co.uk*</mm>
<sm>https://businessinternetbanking.tsb.co.uk/business/logon/login/*</sm>
<nh>rsscqizarpmsubftehwjnokclgvy.net</nh>
<url404></url404>
<srv>89.191.234.68:443</srv>
</sinj>
<sinj>
<mm>https://www.barclayswealth.com*</mm>
<sm>https://www.barclayswealth.com/login/action/logon/unauthenticated/personal*</sm>
<nh>rcsanxvhwtdlbeaqrukpfscjmyog.com</nh>
<url404></url404>
<srv>89.191.234.68:443</srv>
</sinj>

<sinj>
<mm>https://www.commercial.hsbc.com.hk*</mm>
<sm>https://www.commercial.hsbc.com.hk/1/2/!ut/p/c5/04_SB8K8xLLM9MSSzPy8xBz9CP0os3gDd-NQv1BDg2AXA1-PEE9zPwtDAwgAykeaxTu7O3qYmPsA-WGergaeJk4mBqa-boYGnsbYdPsidBfkhioCAMGAADI!/*</sm>
<nh>rhsatehcjxymqvkafbizduglnowr.net</nh>
<url404></url404>
<srv>89.191.234.68:443</srv>
</sinj>
<sinj>
<mm>https://www.gs.reyrey.com*</mm>
<sm>https://www.gs.reyrey.com/common/login/login.aspx*</sm>
<nh>qksakmixohyaquzjpwgtdsrfvenb.net</nh>
<url404></url404>
<srv>89.191.234.68:443</srv>
</sinj>
<sinj>
<mm>https://www1.rbcbankusa.com*</mm>
<sm>https://www1.rbcbankusa.com/cgi-bin/rbaccess/rbunxcgi*</sm>
<nh>kosaaozcvjthqsxbnrfegkdywilp.net</nh>
<url404></url404>
<srv>89.191.234.68:443</srv>
</sinj>
<sinj>
<mm>https://business.santander.co.uk*</mm>
<sm>https://business.santander.co.uk/LGSBBI_NS_ENS/BtoChannelDriver.ssobto*</sm>
<nh>ocsawvflbpzdmnhgitcqejrkauyo.com</nh>
<url404></url404>
<srv>89.191.234.68:443</srv>
</sinj>
<sinj>
<mm>https://retail.santander.co.uk*</mm>
<sm>https://retail.santander.co.uk/LOGSUK_NS_ENS/BtoChannelDriver.ssobto*</sm>
<nh>odsareuvgacnmypwohsbxktidjfz.com</nh>
<url404></url404>
<srv>89.191.234.68:443</srv>
</sinj>
<sinj>
<mm>https://corporate.santander.co.uk*</mm>
<sm>https://corporate.santander.co.uk/LOGSCU_NS_ENS*</sm>
<nh>obsawoidhzfqglytvmerkbxpjucn.com</nh>
<url404></url404>
<srv>89.191.234.68:443</srv>
</sinj>
<sinj>
<mm>https://www.365online.com*</mm>
<sm>https://www.365online.com/online365/spring/authentication*</sm>
<nh>drsaotjrnyqfpbckuahldvzmiexw.com</nh>
<url404></url404>
<srv>89.191.234.68:443</srv>
</sinj>
<sinj>
<mm>https://www.open24.ie*</mm>
<sm>https://www.open24.ie/online/login.aspx*</sm>
<nh>dhsamyfzwurilnbhagkxvjsdcqto.com</nh>
<url404></url404>
<srv>89.191.234.68:443</srv>
</sinj>
<sinj>
<mm>https://online.ebs.ie*</mm>
<sm>https://online.ebs.ie/internet/login/index.jsp*</sm>
<nh>dksaervxynpdzbtfquagwsmlhjoc.com</nh>
<url404></url404>
<srv>89.191.234.68:443</srv>
</sinj>
<sinj>
<mm>https://www.halifax-online.co.uk*</mm>
<sm>https://www.halifax-online.co.uk/personal/logon/login.jsp*</sm>
<nh>sasaeyirubalpfzsjqmdhxgovtkn.com</nh>
<url404></url404>
<srv>89.191.234.68:443</srv>
</sinj>
<sinj>
<mm>https://secure.membersaccounts.com*</mm>
<sm>https://secure.membersaccounts.com/SELFSERVICE/login.aspx*</sm>
<nh>qhsaxmgibrvtncuaeqwhsjodlkyp.com</nh>
<url404></url404>
<srv>89.191.234.68:443</srv>
</sinj>
<sinj>
<mm>https://apps.virginmoney.com*</mm>
<sm>https://apps.virginmoney.com/vmosws/loginWait.do*</sm>
<nh>kosaceptuwviohksbqlrzxagjnmf.com</nh>
<url404></url404>
<srv>89.191.234.68:443</srv>
</sinj>
<sinj>
<mm>https://online.citi.eu*</mm>
<sm>https://online.citi.eu/GBIPB/JSO/signon/DisplayUsernameSignon.do*</sm>
<nh>ocsaxcysjfgbzdqhtlevakowipmn.org</nh>
<url404></url404>
<srv>89.191.234.68:443</srv>
</sinj>
<sinj>
<mm>https://meine.deutsche-bank.de*</mm>
<sm>https://meine.deutsche-bank.de/trxm/db*</sm>
<nh>ohsasribkfhvpldntauzexqwcojg.org</nh>
<url404></url404>
<srv>89.191.234.68:443</srv>
</sinj>
<sinj>
<mm>https://online.hl.co.uk*</mm>
<sm>https://online.hl.co.uk/my-accounts*</sm>
<nh>cksaaysrkezwinbohgvfcpqxludt.org</nh>
<url404></url404>
<srv>89.191.234.68:443</srv>
</sinj>
<sinj>
<mm>https://my.statestreet.com*</mm>
<sm>https://my.statestreet.com/*</sm>
<nh>kdsaakguytexqlhvfmwnsbjozdir.org</nh>
<url404></url404>
<srv>89.191.234.68:443</srv>
</sinj>
<sinj>
<mm>https://jpmcsso.jpmorgan.com*</mm>
<sm>https://jpmcsso.jpmorgan.com/sso/action/login*</sm>
<nh>qhsaoabwvjcqhpersgftximzlnuy.inf</nh>
<url404></url404>
<srv>89.191.234.68:443</srv>
</sinj>
<sinj>
<mm>https://online.lloydsbank.co.uk*</mm>
<sm>https://online.lloydsbank.co.uk/personal/logon/login.jsp*</sm>
<nh>qssaaujrqthyzbpxilwvnmgofkes.inf</nh>
<url404></url404>
<srv>89.191.234.68:443</srv>
</sinj>
<sinj>
<mm>https://online.bulbank.bg*</mm>
<sm>https://online.bulbank.bg/page/default.aspx*</sm>
<nh>shsauwaqdmnxrlojtbhgefvkziys.inf</nh>
<url404></url404>
<srv>89.191.234.68:443</srv>
</sinj>
<sinj>
<mm>https://particuliers.societegenerale.fr*</mm>
<sm>https://particuliers.societegenerale.fr/*</sm>
<nh>ahsaadpjbxeslqnucgwvhizokrmf.edu</nh>
<url404></url404>
<srv>89.191.234.68:443</srv>
</sinj>
<sinj>
<mm>https://www.mymerrill.com*</mm>
<sm>https://www.mymerrill.com/ml/home.aspx*</sm>
<nh>khscoxkhqasndtwuyibmpgcjvlrf.net</nh>
<url404></url404>
<srv>89.191.234.68:443</srv>
</sinj>
<sinj>
<mm>https://www.paymentnet.jpmorgan.com*</mm>
<sm>https://www.paymentnet.jpmorgan.com/*</sm>
<nh>hrsarfytbdxnaslwmjvckeiugpqz.edu</nh>
<url404></url404>
<srv>89.191.234.68:443</srv>
</sinj>
<sinj>
<mm>https://sponsor.voya.com*</mm>
<sm>https://sponsor.voya.com/static/sponsor/SponsorLogin.fcc*</sm>
<nh>ahsabhndsquekcagwrvtioxpyflz.nzo</nh>
<url404></url404>
<srv>89.191.234.68:443</srv>
</sinj>
<sinj>
<mm>https://www.secure.bnpparibas.net*</mm>
<sm>https://www.secure.bnpparibas.net/banque/portail/particulier/Fiche*</sm>
<nh>kdsdjfytgvhsobcdwxprkmqaleui.net</nh>
<url404></url404>
<srv>89.191.234.68:443</srv>
</sinj>
<sinj>
<mm>https://my.hsbcprivatebank.com*</mm>
<sm>https://my.hsbcprivatebank.com/1/2/*</sm>
<nh>ccsbfbwtukrqyjnmlpxchsgoizva.net</nh>
<url404></url404>
<srv>89.191.234.68:443</srv>
</sinj>
<sinj>
<mm>https://online.bankofscotland.co.uk*</mm>
<sm>https://online.bankofscotland.co.uk/personal/logon/login.jsp*</sm>
<nh>cssaedmnwgthlbpfquisycvzoxak.net</nh>
<url404></url404>
<srv>89.191.234.68:443</srv>
</sinj>
<sinj>
<mm>https://mijn.ing.nl*</mm>
<sm>https://mijn.ing.nl/*</sm>
<nh>dksdgtepaulkfhqzbmjocvxwndsi.net</nh>
<url404></url404>
<srv>89.191.234.68:443</srv>
</sinj>
<sinj>
<mm>https://access.usbank.com*</mm>
<sm>https://access.usbank.com/cpsApp1/AxolPreAuthServlet*</sm>
<nh>bqsaoljzcnyrdskwhgpvbxqfieum.edu</nh>
<url404></url404>
<srv>89.191.234.68:443</srv>
</sinj>
<sinj>
<mm>https://www6.rbc.com*</mm>
<sm>https://www6.rbc.com/webapp/ukv0/signin/logon.xhtml*</sm>
<nh>chsavrqxugtaksewlcifnhmopjyd.net</nh>
<url404></url404>
<srv>89.191.234.68:443</srv>
</sinj>
<sinj>
<mm>https://businessbanking.tdcommercialbanking.com*</mm>
<sm>https://businessbanking.tdcommercialbanking.com/WBB/LoginDisplay*</sm>
<nh>basatkwipzbhruvgjenocysmaxld.net</nh>
<url404></url404>
<srv>89.191.234.68:443</srv>
</sinj>
<sinj>
<mm>https://www22.bmo.com*</mm>
<sm>https://www22.bmo.com/uiauth/AuthWeb/index.html*</sm>
<nh>bosdpfqxeyvjtanzioumsdclrwkg.org</nh>
<url404></url404>
<srv>89.191.234.68:443</srv>
</sinj>
<sinj>
<mm>https://uas1.cams.scotiabank.com*</mm>
<sm>https://uas1.cams.scotiabank.com/aos/*</sm>
<nh>basdnzdcfojibamhuylxgerptskq.org</nh>
<url404></url404>
<srv>89.191.234.68:443</srv>
</sinj>
<sinj>
<mm>https://www1.scotiaconnect.scotiabank.com*</mm>
<sm>https://scotiaconnect.scotiabank.com*</sm>
<nh>bcsdvbzljwecnsagufihmptkrody.org</nh>
<url404></url404>
<srv>89.191.234.68:443</srv>
</sinj>
<sinj>
<mm>https://accesd.affaires.desjardins.com*</mm>
<sm>https://accesd.affaires.desjardins.com/fr/ada*</sm>
<nh>krscvdicwkameftszhbroujynlgq.net</nh>
<url404></url404>
<srv>89.191.234.68:443</srv>
</sinj>
<sinj>
<mm>https://accesd.affaires.desjardins.com*</mm>
<sm>https://accesd.affaires.desjardins.com/en/ada*</sm>
<nh>kbscxcvlbmrfquhyewzaikdgpsnt.net</nh>
<url404></url404>
<srv>89.191.234.68:443</srv>
</sinj>
<sinj>
<mm>https://www21.bmo.com*</mm>
<sm>https://www21.bmo.com*</sm>
<nh>bosdpfqxeyvjtanzioumsdclrwkg.org</nh>
<url404></url404>
<srv>89.191.234.68:443</srv>
</sinj>
<sinj>
<mm>https://www23.bmo.com*</mm>
<sm>https://www23.bmo.com/ctpauth/CTPEAILogin*</sm>
<nh>bosdpfqxeyvjtanzioumsdclrwkg.org</nh>
<url404></url404>
<srv>89.191.234.68:443</srv>
</sinj>
<sinj>
<mm>https://cmo.cibc.com*</mm>
<sm>https://cmo.cibc.com*</sm>
<nh>cdsaagnvluoeriqtdxhmpzjwyfkc.org</nh>
<url404></url404>
<srv>89.191.234.68:443</srv>
</sinj>
<sinj>
<mm>https://blockchain.info*</mm>
<sm>https://blockchain.info/wallet*</sm>
<nh>bhsdruyhaxmginplwejobfqdsvkz.org</nh>
<url404></url404>
<srv>89.191.234.68:443</srv>
</sinj>
<sinj>
<mm>https://bittrex.com*</mm>
<sm>https://bittrex.com/account/login*</sm>
<nh>bssdavwhokitsypqlrbdxnuzfcge.org</nh>
<url404></url404>
<srv>89.191.234.68:443</srv>
</sinj>
<sinj>
<mm>https://poloniex.com*</mm>
<sm>https://poloniex.com/login*</sm>
<nh>bksduzrlosiwakmnhtxyvfeqcpgb.org</nh>
<url404></url404>
<srv>89.191.234.68:443</srv>
</sinj>
<sinj>
<mm>https://www.coinbase.com*</mm>
<sm>https://www.coinbase.com/oauth/authorize/oauth_signin*</sm>
<nh>rosdvygpfblnewriqmzakschtodu.org</nh>
<url404></url404>
<srv>89.191.234.68:443</srv>
</sinj>
<sinj>
<mm>https://www.coinbase.com*</mm>
<sm>https://www.coinbase.com/signin*</sm>
<nh>rasdjkfiulxhgptewdavzbnsyqco.org</nh>
<url404></url404>
<srv>89.191.234.68:443</srv>
</sinj>
<sinj>
<mm>https://www.binance.com*</mm>
<sm>https://www.binance.com/login.html*</sm>
<nh>rcsdwnlexkpsagjcuridhqyfmzvo.org</nh>
<url404></url404>
<srv>89.191.234.68:443</srv>
</sinj>
<sinj>
<mm>https://www.bitfinex.com*</mm>
<sm>https://www.bitfinex.com/*</sm>
<nh>rdsdbvaqoepkzjglnruywtdfichs.org</nh>
<url404></url404>
<srv>89.191.234.68:443</srv>
</sinj>
<sinj>
<mm>https://www.bitstamp.net*</mm>
<sm>https://www.bitstamp.net/account/login/*</sm>
<nh>rbsduyaslromvgjkfdewxhzptnbi.org</nh>
<url404></url404>
<srv>89.191.234.68:443</srv>
</sinj>
<sinj>
<mm>https://www.huobi.pro*</mm>
<sm>https://www.huobi.pro/login/*</sm>
<nh>rrsdhbofnatcjzxqvdmruyegiskp.org</nh>
<url404></url404>
<srv>89.191.234.68:443</srv>
</sinj>
<sinj>
<mm>https://www.huobipro.com*</mm>
<sm>https://www.huobipro.com/login/*</sm>
<nh>rqsdvaxsktgjylzhqiwdmcponber.org</nh>
<url404></url404>
<srv>89.191.234.68:443</srv>
</sinj>
<sinj>
<mm>https://www.bithumb.com*</mm>
<sm>https://www.bithumb.com/u1/US101*</sm>
<nh>rhsdlhczogwrviqmbasftdxjknep.org</nh>
<url404></url404>
<srv>89.191.234.68:443</srv>
</sinj>
<sinj>
<mm>https://auth.hitbtc.com*</mm>
<sm>https://auth.hitbtc.com/module.php/hauth/loginform.php*</sm>
<nh>rssdypfrmjqlzocgustkdiwabehx.org</nh>
<url404></url404>
<srv>89.191.234.68:443</srv>
</sinj>
<sinj>
<mm>https://zaif.jp*</mm>
<sm>https://zaif.jp/login*</sm>
<nh>qasdrzbjmhapcxyfigesntolkvdu.org</nh>
<url404></url404>
<srv>89.191.234.68:443</srv>
</sinj>
<sinj>
<mm>https://www.iombankibanking.com*</mm>
<sm>https://www.iombankibanking.com/eai/IPB_EAI_Web/eai*</sm>
<nh>sdsafbvqczxlkjphiagemuoyrnwt.net</nh>
<url404></url404>
<srv>89.191.234.68:443</srv>
</sinj>
<sinj>
<mm>https://live.barcap.com*</mm>
<sm>https://live.barcap.com/UAB/S/ecom/logon/1/barxcorporate*</sm>
<nh>ccsavcazgiqxrkowhsuljdpybfme.nzo</nh>
<url404></url404>
<srv>89.191.234.68:443</srv>
</sinj>

<sinj>
<mm>https://personal.metrobankonline.co.uk*</mm>
<sm>https://personal.metrobankonline.co.uk/MetroBankRetail/*</sm>
<nh>drsbnkcobfuarqigjzyhvtmxwpld.net</nh>
<url404></url404>
<srv>89.191.234.68:443</srv>
</sinj>
<sinj>
<mm>https://login.secure.investec.com*</mm>
<sm>https://login.secure.investec.com/sso/login.html*</sm>
<nh>dhsbbqkharywovltjcifspedzxum.net</nh>
<url404></url404>
<srv>89.191.234.68:443</srv>
</sinj>
<sinj>
<mm>https://www.onlinebanking.natwestoffshore.com*</mm>
<sm>https://www.onlinebanking.natwestoffshore.com/default.aspx*</sm>
<nh>kssabontmchegrkjsdxlqpafuwiz.net</nh>
<url404></url404>
<srv>89.191.234.68:443</srv>
</sinj>
<sinj>
<mm>https://www.hsbc.co.uk*</mm>
<sm>https://www.hsbc.co.uk/1/2/!ut/p/c5/04_SB8K8xLLM9MSSzPy8xBz9CP0os3gDgzAfSycDUy8LAzNDbz8vbzMDKADKR5rFO7s7epiY-wD5YZ6uBp4mTiYGpr5uhgaexmDdFibeBn7enkEuBs4ejiYeRiHGMN1-Hvm5qfoFuRHlABOr0sE!*</sm>
<nh>qksaoiuxbjemtncwkvyarqslzdpf.inf</nh>
<url404></url404>
<srv>89.191.234.68:443</srv>
</sinj>
<sinj>
<mm>https://cashmanagement.barclays.net*</mm>
<sm>https://cashmanagement.barclays.net/bnetservices/login.aspx*</sm>
<nh>kksambnjafwkurqdzloghepcxviy.inf</nh>
<url404></url404>
<srv>89.191.234.68:443</srv>
</sinj>

<sinj>
<mm>https://aibinternetbanking.aib.ie*</mm>
<sm>https://aibinternetbanking.aib.ie/inet/roi/login.htm*</sm>
<nh>oasaukwzsbcypovqjmifgrxlathn.com</nh>
<url404></url404>
<srv>89.191.234.68:443</srv>
</sinj>
<sinj>
<mm>https://www.gemyaccounts.com*</mm>
<sm>https://www.gemyaccounts.com/myaccounts/Index.html*</sm>
<nh>acsaudfgavmlwpnteqhokjyscbir.inf</nh>
<url404></url404>
<srv>89.191.234.68:443</srv>
</sinj>
<sinj>
<mm>https://my.statestreet.com*</mm>
<sm>https://my.statestreet.com/secid-smpwservices.fcc*</sm>
<nh>cosafkoiesgwxlcjuybaqzrhdnmt.nzo</nh>
<url404></url404>
<srv>89.191.234.68:443</srv>
</sinj>
<sinj>
<mm>https://www.bitmex.com*</mm>
<sm>https://www.bitmex.com/login*</sm>
<nh>rksdvjbnmsxhauyptozfdeicgkrl.org</nh>
<url404></url404>
<srv>89.191.234.68:443</srv>
</sinj>
<sinj>
<mm>https://www.bitflyer.jp*</mm>
<sm>https://www.bitflyer.jp/en-jp/login*</sm>
<nh>qosdiwoncqlbfehavrtjzxsymdgk.org</nh>
<url404></url404>
<srv>89.191.234.68:443</srv>
</sinj>
<sinj>
<mm>https://bank.barclays.co.uk*</mm>
<sm>https://bank.barclays.co.uk/olb/auth/LoginLink.action*</sm>
<nh>kbsabiedxvtqhrlkufanozcpswmj.net</nh>
<url404></url404>
<srv>89.191.234.68:443</srv>
</sinj>
<sinj>
<mm>https://esavings.shawbrook.co.uk*</mm>
<sm>https://esavings.shawbrook.co.uk/BankFast/Shawbrook*</sm>
<nh>cdsazqgptyuesoldhrmwxvjcikbn.com</nh>
<url404></url404>
<srv>89.191.234.68:443</srv>
</sinj>
<sinj>
<mm>https://banking.triodos.co.uk*</mm>
<sm>https://banking.triodos.co.uk/ib-seam/login.seam?loginType=dp550*</sm>
<nh>scsaqahpbejdszofwirulxtkcgvn.com</nh>
<url404></url404>
<srv>89.191.234.68:443</srv>
</sinj>
<sinj>
<mm>https://wholesale.flagstar.com*</mm>
<sm>https://wholesale.flagstar.com/Lending/public/home.jsp*</sm>
<nh>qcsdthgymaxpjuzoqclrebvsnfwd.org</nh>
<url404></url404>
<srv>89.191.234.68:443</srv>
</sinj>
<sinj>
<mm>https://commercial.metrobankonline.co.uk*</mm>
<sm>https://commercial.metrobankonline.co.uk/portalserver/business-login*</sm>
<nh>bdsdkjnaswfdzetlipgmquxbyrcv.org</nh>
<url404></url404>
<srv>89.191.234.68:443</srv>
</sinj>


<sinj>
<mm>https://ibscassbank.btbanking.com*</mm>
<sm>https://ibscassbank.btbanking.com/onlineserv/CM*</sm>
<nh>qbsamokvsziugxlwrtdnqjyecfah.net</nh>
<url404></url404>
<srv>89.191.234.68:443</srv>
</sinj>
<sinj>
<mm>https://myinvestorsbank.btbanking.com*</mm>
<sm>https://myinvestorsbank.btbanking.com/onlineserv/CM*</sm>
<nh>qssarwujkmptxaebqcnsigzvyold.net</nh>
<url404></url404>
<srv>89.191.234.68:443</srv>
</sinj>
<sinj>
<mm>https://intellix.capitalonebank.com*</mm>
<sm>https://intellix.capitalonebank.com/treasury-management-portal-web/appmanager/TresMgmtPortal/TreasuryManagement#*</sm>
<nh>hssarmdqezloaysvpbujckxifthg.net</nh>
<url404></url404>
<srv>89.191.234.68:443</srv>
</sinj>
<sinj>
<mm>https://www.bankunitedbusinessonlinebanking.com*</mm>
<sm>https://www.bankunitedbusinessonlinebanking.com/bbw/cmserver/welcome/default/verify.cfm*</sm>
<nh>rosaswkvizdrcefyajmptxbglouh.net</nh>
<url404></url404>
<srv>89.191.234.68:443</srv>
</sinj>
<sinj>
<mm>https://securentrycorp.amegybank.com*</mm>
<sm>https://securentrycorp.amegybank.com/*</sm>
<nh>rcsakyibwntgvmaujpzlcxesfhdq.net</nh>
<url404></url404>
<srv>89.191.234.68:443</srv>
</sinj>
<sinj>
<mm>https://securentrycorp.calbanktrust.com*</mm>
<sm>https://securentrycorp.calbanktrust.com/*</sm>
<nh>rdsajdnefbiglqkphczvsymwouar.net</nh>
<url404></url404>
<srv>89.191.234.68:443</srv>
</sinj>
<sinj>
<mm>https://securentrycorp.zionsbank.com*</mm>
<sm>https://securentrycorp.zionsbank.com/*</sm>
<nh>rrsaczrvmasulfnwthbykpoxdjie.net</nh>
<url404></url404>
<srv>89.191.234.68:443</srv>
</sinj>
<sinj>
<mm>https://www.gecapitalbank.com*</mm>
<sm>https://www.gecapitalbank.com/gecb/app/login*</sm>
<nh>aasafzedqbinuxmcvlhgtyapjwko.inf</nh>
<url404></url404>
<srv>89.191.234.68:443</srv>
</sinj>
<sinj>
<mm>https://wellsoffice.wellsfargo.com*</mm>
<sm>https://wellsoffice.wellsfargo.com/*</sm>
<nh>dosanqhbulvtawmdipzrsjxgfoke.net</nh>
<url404></url404>
<srv>89.191.234.68:443</srv>
</sinj>
<sinj>
<mm>https://access.jpmorgan.com*</mm>
<sm>https://access.jpmorgan.com/jpmalogon*</sm>
<nh>drsafeyinqbzxhgcklrovjpwtumd.net</nh>
<url404></url404>
<srv>89.191.234.68:443</srv>
</sinj>
<sinj>
<mm>https://gateway.citizenscommercialbanking.com*</mm>
<sm>https://gateway.citizenscommercialbanking.com/ccp/accessmoneymanager.jsp*</sm>
<nh>dqsacjrfzkoeaubiptgnqmxdshyw.net</nh>
<url404></url404>
<srv>89.191.234.68:443</srv>
</sinj>
<sinj>
<mm>https://ktt.key.com*</mm>
<sm>https://ktt.key.com/ktt/cmd/logon*</sm>
<nh>bosajigrbesfctqludnzawxhopmv.net</nh>
<url404></url404>
<srv>89.191.234.68:443</srv>
</sinj>
<sinj>
<mm>https://www.treasury.pncbank.com*</mm>
<sm>https://www.treasury.pncbank.com/idp/esec/login.ht*</sm>
<nh>bbsarutgmlkypivhscqznwjbfdox.net</nh>
<url404></url404>
<srv>89.191.234.68:443</srv>
</sinj>
<sinj>
<mm>https://cityntl.webcashmgmt.com*</mm>
<sm>https://cityntl.webcashmgmt.com/wcmfd/wcmpw/CustomerLogin*</sm>
<nh>bdsaficzmprvxebloqnujtywdskg.net</nh>
<url404></url404>
<srv>89.191.234.68:443</srv>
</sinj>
<sinj>
<mm>https://www.fultonbank.com*</mm>
<sm>https://www.fultonbank.com/onlinebnk/*</sm>
<nh>bqsackoejrmtbnvphdaixlsyzuqf.net</nh>
<url404></url404>
<srv>89.191.234.68:443</srv>
</sinj>
<sinj>
<mm>https://cm.netteller.com*</mm>
<sm>https://cm.netteller.com/login2008/Authentication/Views/Login.aspx*</sm>
<nh>sssaxuqoawsjrglvcmifynpekdth.com</nh>
<url404></url404>
<srv>89.191.234.68:443</srv>
</sinj>
<sinj>
<mm>https://businesscenter.mysynchrony.com*</mm>
<sm>https://businesscenter.mysynchrony.com/BusinessCenterPortal*</sm>
<nh>kssaxuzsetyiopbwrkljvhfadqnm.org</nh>
<url404></url404>
<srv>89.191.234.68:443</srv>
</sinj>
<sinj>
<mm>https://webcmpr.bancopopular.com*</mm>
<sm>https://webcmpr.bancopopular.com/K1*</sm>
<nh>kasarkclwbfqdvohmeitgzxsajyp.net</nh>
<url404></url404>
<srv>89.191.234.68:443</srv>
</sinj>
<sinj>
<mm>https://www.svbconnect.com*</mm>
<sm>https://www.svbconnect.com/auth*</sm>
<nh>kqsaoxfzgkrpjnulaybsecqhwimd.net</nh>
<url404></url404>
<srv>89.191.234.68:443</srv>
</sinj>
<sinj>
<mm>https://santander.hpdsc.com*</mm>
<sm>https://santander.hpdsc.com/main*</sm>
<nh>oqsarqnjfxodwuzbckyhgvilmpes.com</nh>
<url404></url404>
<srv>89.191.234.68:443</srv>
</sinj>
<sinj>
<mm>https://auth.globalpay.westernunion.com*</mm>
<sm>https://auth.globalpay.westernunion.com/Sso/Login.aspx*</sm>
<nh>arsanpdizrlsjoymwxavhukeqbct.org</nh>
<url404></url404>
<srv>89.191.234.68:443</srv>
</sinj>
<sinj>
<mm>https://globalpay.westernunion.com*</mm>
<sm>https://globalpay.westernunion.com/GlobalPay/Login.aspx*</sm>
<nh>rasaohjtqazspkiubcvxyrgdlewn.org</nh>
<url404></url404>
<srv>89.191.234.68:443</srv>
</sinj>
<sinj>
<mm>https://commerceconnections.commercebank.com*</mm>
<sm>https://commerceconnections.commercebank.com/cb/cb/html/user-login.html*</sm>
<nh>kksanjrfqdxyucewasivbzhpgmlt.org</nh>
<url404></url404>
<srv>89.191.234.68:443</srv>
</sinj>
<sinj>
<mm>https://pfo.us.hsbc.com*</mm>
<sm>https://pfo.us.hsbc.com/*</sm>
<nh>oasajdwkgnfypebhmtvxczaosirq.inf</nh>
<url404></url404>
<srv>89.191.234.68:443</srv>
</sinj>
<sinj>
<mm>https://cashmanager.mizuhoe-treasurer.com*</mm>
<sm>https://cashmanager.mizuhoe-treasurer.com/mz/servlet/SLogin*</sm>
<nh>ohsanpktuazcyxflvijrwdqmgsob.inf</nh>
<url404></url404>
<srv>89.191.234.68:443</srv>
</sinj>
<sinj>
<mm>https://business-eb.ibanking-services.com*</mm>
<sm>https://business-eb.ibanking-services.com/K1/index.jsp*</sm>
<nh>sosakgzypvcjrhaoneiuqdwftsxb.net</nh>
<url404></url404>
<srv>89.191.234.68:443</srv>
</sinj>
<sinj>
<mm>https://tdetreasury.tdbank.com*</mm>
<sm>https://tdetreasury.tdbank.com/s1gcb/logon/sbuser*</sm>
<nh>scsalaesnkvmthurcfpqdjioxywg.net</nh>
<url404></url404>
<srv>89.191.234.68:443</srv>
</sinj>
<sinj>
<mm>https://express.53.com*</mm>
<sm>https://express.53.com/portal/auth/login/Login*</sm>
<nh>sqsavrobpeczdxngisyafjmthwuk.net</nh>
<url404></url404>
<srv>89.191.234.68:443</srv>
</sinj>
<sinj>
<mm>https://ht.businessonlinepayroll.com*</mm>
<sm>https://ht.businessonlinepayroll.com/SPF/login/ee_auth.aspx*</sm>
<nh>sksapyexncfjrovitqlbgmskzuhw.net</nh>
<url404></url404>
<srv>89.191.234.68:443</srv>
</sinj>
<sinj>
<mm>https://onlinebusinessplus.vancity.com*</mm>
<sm>https://onlinebusinessplus.vancity.com/business/default.jsp*</sm>
<nh>orsazdixfcgpjqaebuwyvtonmlrh.edu</nh>
<url404></url404>
<srv>89.191.234.68:443</srv>
</sinj>
<sinj>
<mm>https://admin.epymtservice.com*</mm>
<sm>https://admin.epymtservice.com/admin/index.jhtml*</sm>
<nh>brsayhfugjkacpmbrdxvlsqwnzto.edu</nh>
<url404></url404>
<srv>89.191.234.68:443</srv>
</sinj>
<sinj>
<mm>https://clientpoint.fisglobal.com*</mm>
<sm>https://clientpoint.fisglobal.com/tdcb/main/UserLogon*</sm>
<nh>crsahbuedmyzlvnxsjigtwqpofra.nzo</nh>
<url404></url404>
<srv>89.191.234.68:443</srv>
</sinj>
<sinj>
<mm>https://www.bhiusa.com*</mm>
<sm>https://www.bhiusa.com/bhi-connect-login/*</sm>
<nh>basaksupenrgvwtbyxdifazmhqcl.nzo</nh>
<url404></url404>
<srv>89.191.234.68:443</srv>
</sinj>
<sinj>
<mm>https://workbench.bnymellon.com*</mm>
<sm>https://workbench.bnymellon.com/login.jsp*</sm>
<nh>bcsabxqezosmkgpdachwylnvtjfu.nzo</nh>
<url404></url404>
<srv>89.191.234.68:443</srv>
</sinj>
<sinj>
<mm>https://www.cambridgefxonline.com*</mm>
<sm>https://www.cambridgefxonline.com/Home/LogIn*</sm>
<nh>kasckulzjsryhmxpoeciwbqtfdga.net</nh>
<url404></url404>
<srv>89.191.234.68:443</srv>
</sinj>
<sinj>
<mm>https://fxpayments.americanexpress.com*</mm>
<sm>https://fxpayments.americanexpress.com/*</sm>
<nh>kcscblitrzwxnpdqomgchyvefjsu.net</nh>
<url404></url404>
<srv>89.191.234.68:443</srv>
</sinj>
<sinj>
<mm>https://www.cashanalyzer.com*</mm>
<sm>https://www.cashanalyzer.com/*</sm>
<nh>kdscvsicunafkgmrwxyoljdqptbe.net</nh>
<url404></url404>
<srv>89.191.234.68:443</srv>
</sinj>
<sinj>
<mm>https://business.firstcitizens.com*</mm>
<sm>https://business.firstcitizens.com/cb/pages/jsp-ns/loginfcbnc.jsp*</sm>
<nh>kssdamdsieurczyklfptjvnbqohw.net</nh>
<url404></url404>
<srv>89.191.234.68:443</srv>
</sinj>
<sinj>
<mm>https://businessonline.huntington.com*</mm>
<sm>https://businessonline.huntington.com/BOLHome/BusinessOnlineLogin.aspx*</sm>
<nh>oqsdlqaxtfkgmwyvcpbneiohjrzd.com</nh>
<url404></url404>
<srv>89.191.234.68:443</srv>
</sinj>
<sinj>
<mm>https://clientlogin.ibb.ubs.com*</mm>
<sm>https://clientlogin.ibb.ubs.com/login*</sm>
<nh>aqsaxgdcsizlovhmjktuafybqrep.inf</nh>
<url404></url404>
<srv>89.191.234.68:443</srv>
</sinj>
<sinj>
<mm>https://connect-ch2.ubs.com*</mm>
<sm>https://connect-ch2.ubs.com/workbench/Index.do*</sm>
<nh>aksagiyltmhsqkpcfxdarnwejbuv.inf</nh>
<url404></url404>
<srv>89.191.234.68:443</srv>
</sinj>
<sinj>
<mm>https://www.tranzact.org*</mm>
<sm>https://www.tranzact.org/*</sm>
<nh>qbsaublxqwvfronckejthipsmyzg.inf</nh>
<url404></url404>
<srv>89.191.234.68:443</srv>
</sinj>
<sinj>
<mm>https://www.chase.com*</mm>
<sm>https://www.chase.com/commercial-bank/chase-commercial-online*</sm>
<nh>bksatksiwafmdqhjceoburylgpvz.edu</nh>
<url404></url404>
<srv>89.191.234.68:443</srv>
</sinj>
<sinj>
<mm>https://www.vancity.com*</mm>
<sm>https://www.vancity.com/BusinessBanking/OnlineBanking/MyAccounts*</sm>
<nh>obsadzscxgrtpnvyoahmwluikfjb.edu</nh>
<url404></url404>
<srv>89.191.234.68:443</srv>
</sinj>
<sinj>
<mm>https://transactgateway.svb.com*</mm>
<sm>https://transactgateway.svb.com/siliconvalley/customerlogin.aspx*</sm>
<nh>skscguixbevymzswafndocrtkjlp.net</nh>
<url404></url404>
<srv>89.191.234.68:443</srv>
</sinj>
<sinj>
<mm>https://secure.alpha.gr*</mm>
<sm>https://secure.alpha.gr/e-services/login.aspx[?]*SignOnType=3*</sm>
<nh>ccsdqyhiulrjfasngkdzwmbvpoct.org</nh>
<url404></url404>
<srv>89.191.234.68:443</srv>
</sinj>
<sinj>
<mm>https://commercial.metrobankonline.co.uk*</mm>
<sm>https://commercial.metrobankonline.co.uk/portalserver/business-login*</sm>
<nh>bdsdflkzgyhpcmbvioextnwjusad.org</nh>
<url404></url404>
<srv>89.191.234.68:443</srv>
</sinj>
<sinj>
<mm>https://www.bancorpsouthinview.web-cashplus.com*</mm>
<sm>https://www.bancorpsouthinview.web-cashplus.com/Cashplus/*</sm>
<nh>cbsbgiyurncjblofsmhxzewtkpva.net</nh>
<url404></url404>
<srv>89.191.234.68:443</srv>
</sinj>
<sinj>
<mm>https://fx.regions.com*</mm>
<sm>https://fx.regions.com/*</sm>
<nh>bssavxmhkgyutidzpjwbcslrfnoq.nzo</nh>
<url404></url404>
<srv>89.191.234.68:443</srv>
</sinj>
<sinj>
<mm>https://businessonline.mutualofomahabank.com*</mm>
<sm>https://businessonline.mutualofomahabank.com/cb/pages/jsp-ns/login.jsp*</sm>
<nh>hosafuslrzmtcyhipnqxvjkoabeg.net</nh>
<url404></url404>
<srv>89.191.234.68:443</srv>
</sinj>
<sinj>
<mm>https://www.bostonprivatebank.com*</mm>
<sm>https://www.bostonprivatebank.com/index.cfm/pid/10540*</sm>
<nh>rssaniahqpfvjlcskyedbzwxtgor.net</nh>
<url404></url404>
<srv>89.191.234.68:443</srv>
</sinj>
<sinj>
<mm>https://connect.bnymellon.com*</mm>
<sm>https://connect.bnymellon.com/ConnectLogin/login/LoginPage.jsp*</sm>
<nh>adsavgoflcbtsxwyezmqhdpkaiur.inf</nh>
<url404></url404>
<srv>89.191.234.68:443</srv>
</sinj>
<sinj>
<mm>https://www.bostonprivate.com*</mm>
<sm>https://www.bostonprivate.com/index.cfm/page/Online-Banking/pid/10540*</sm>
<nh>bbsakvmobxcsqypfeghriuawnjzl.nzo</nh>
<url404></url404>
<srv>89.191.234.68:443</srv>
</sinj>
<sinj>
<mm>https://www.macquarieresearch.com*</mm>
<sm>https://www.macquarieresearch.com/rp/web/guest/home*</sm>
<nh>aasddapkxircuevbtjzgnsymlwhq.org</nh>
<url404></url404>
<srv>89.191.234.68:443</srv>
</sinj>
<sinj>
<mm>https://www.winbank.gr*</mm>
<sm>https://www.winbank.gr/en/Pages/Home.aspx*</sm>
<nh>acsdthqwpyjmsrkvgonziafdbeux.org</nh>
<url404></url404>
<srv>89.191.234.68:443</srv>
</sinj>
<sinj>
<mm>https://e-access.compassbank.com*</mm>
<sm>https://e-access.compassbank.com/bbw/cmserver/welcome/default/verify.cfm*</sm>
<nh>sssaazxmtriowvudnqpegshcybkf.net</nh>
<url404></url404>
<srv>89.191.234.68:443</srv>
</sinj>
<sinj>
<mm>https://treasuryconnect.mercantilcb.com*</mm>
<sm>https://treasuryconnect.mercantilcb.com/ui*</sm>
<nh>kbsabpiwykjqnuseacgxhofdvzmt.org</nh>
<url404></url404>
<srv>89.191.234.68:443</srv>
</sinj>
<sinj>
<mm>https://www.winbank.gr*</mm>
<sm>https://www.winbank.gr/el/Pages/Home.aspx*</sm>
<nh>aosdychjbulizowsenfqgvktdxar.org</nh>
<url404></url404>
<srv>89.191.234.68:443</srv>
</sinj>
<sinj>
<mm>https://securentrycorp.nsbank.com*</mm>
<sm>https://securentrycorp.nsbank.com/*</sm>
<nh>rbsatjihxqdevpyzagncskurblfm.net</nh>
<url404></url404>
<srv>89.191.234.68:443</srv>
</sinj>
<sinj>
<mm>https://www.frostcashmanager.com*</mm>
<sm>https://www.frostcashmanager.com/CASHplus*</sm>
<nh>bksauwgzpikdjnefhcxloabqsrtm.net</nh>
<url404></url404>
<srv>89.191.234.68:443</srv>
</sinj>
<sinj>
<mm>https://an.rbcnetbank.com*</mm>
<sm>https://an.rbcnetbank.com/*</sm>
<nh>khsaiazwegrsdmoqytunbfvpcjkh.inf</nh>
<url404></url404>
<srv>89.191.234.68:443</srv>
</sinj>
<sinj>
<mm>https://personal.mercantilcbonline.com*</mm>
<sm>https://personal.mercantilcbonline.com/login*</sm>
<nh>bbsabqmjluxhytsvikzpcgnrdewf.edu</nh>
<url404></url404>
<srv>89.191.234.68:443</srv>
</sinj>
<sinj>
<mm>https://www.stockplanconnect.com*</mm>
<sm>https://www.stockplanconnect.com/cba.html*</sm>
<nh>ssscprkdsygjvinfeoluwmbhqtzx.net</nh>
<url404></url404>
<srv>89.191.234.68:443</srv>
</sinj>
<sinj>
<mm>https://www.bancorpsouthonline.com*</mm>
<sm>https://www.bancorpsouthonline.com/BXS/Login.aspx*</sm>
<nh>dksahyjonpzgkbvqlferacudwsxm.nzo</nh>
<url404></url404>
<srv>89.191.234.68:443</srv>
</sinj>
<sinj>
<mm>https://jpmpb001.jpmorgan.com*</mm>
<sm>https://jpmpb001.jpmorgan.com/prelogin/index.jsp*</sm>
<nh>hdsazuihwlckjrfysbdtagnpqxme.edu</nh>
<url404></url404>
<srv>89.191.234.68:443</srv>
</sinj>
<sinj>
<mm>https://www.ml.com*</mm>
<sm>https://www.ml.com/*</sm>
<nh>kqscfvcjwlpboaiunzhkgrmxqsyd.net</nh>
<url404></url404>
<srv>89.191.234.68:443</srv>
</sinj>
<sinj>
<mm>https://cashproonline.bankofamerica.com*</mm>
<sm>https://cashproonline.bankofamerica.com/*</sm>
<nh>cosaawhejusrtdlfxvmqzibkogcn.net</nh>
<url404></url404>
<srv>89.191.234.68:443</srv>
</sinj>
<sinj>
<mm>https://www22.bmo.com*</mm>
<sm>https://bmo.com/ctpauth/CTPEAILogin/CustUserPasswordAuthServlet?TAM_OP=login*</sm>
<nh>shsapyjhtrlsufmdwxvcibgneaoz.net</nh>
<url404></url404>
<srv>89.191.234.68:443</srv>
</sinj>
<sinj>
<mm>https://www.santanderbank.com*</mm>
<sm>https://www.santanderbank.com/us/business/bob-login*</sm>
<nh>cqsaijspquyownrfzcakvhegdxtb.inf</nh>
<url404></url404>
<srv>89.191.234.68:443</srv>
</sinj>
<sinj>
<mm>https://cib.bankofthewest.com*</mm>
<sm>https://cib.bankofthewest.com/K1/servlet/com.fis.authentication.servlet.WelcomeServlet*</sm>
<nh>bssazpmjcknxatyswhuifvqebrgl.net</nh>
<url404></url404>
<srv>89.191.234.68:443</srv>
</sinj>
<sinj>
<mm>https://businessaccess.citibank.citigroup.com*</mm>
<sm>https://businessaccess.citibank.citigroup.com/cbusol/signon.do*</sm>
<nh>casafuxkiybjwostncdrmplhqezv.net</nh>
<url404></url404>
<srv>89.191.234.68:443</srv>
</sinj>
<sinj>
<mm>https://bank1440online.btbanking.com*</mm>
<sm>https://bank1440online.btbanking.com/onlineserv/CM*</sm>
<nh>qrsacetougfwjaqvbnrhdzpskixy.net</nh>
<url404></url404>
<srv>89.191.234.68:443</srv>
</sinj>
<sinj>
<mm>https://www8.comerica.com*</mm>
<sm>https://www8.comerica.com/pkmslogin.form*</sm>
<nh>rasaikjbtaufsgchroxzmvnywpde.net</nh>
<url404></url404>
<srv>89.191.234.68:443</srv>
</sinj>
<sinj>
<mm>https://www.us.hsbcprivatebank.com*</mm>
<sm>https://www.us.hsbcprivatebank.com/1/2/*</sm>
<nh>ocsanxsalwcmprjbtvqyuehkzoid.inf</nh>
<url404></url404>
<srv>89.191.234.68:443</srv>
</sinj>
<sinj>
<mm>https://cbforex.citizensbank.com*</mm>
<sm>https://cbforex.citizensbank.com/RBSWebApplication/cbforex/loginScreen*</sm>
<nh>ooscktqvslzfechirbdmnogjypux.edu</nh>
<url404></url404>
<srv>89.191.234.68:443</srv>
</sinj>
<sinj>
<mm>https://www.efirstbank.com*</mm>
<sm>https://www.efirstbank.com/centralAuthICM/jsp/main/Logon.faces*</sm>
<nh>okscufmklecdyobrwqhvpjaxgzit.com</nh>
<url404></url404>
<srv>89.191.234.68:443</srv>
</sinj>
<sinj>
<mm>https://jpmcsso.jpmorgan.com*</mm>
<sm>https://jpmcsso.jpmorgan.com/sso/action/federateLogin*</sm>
<nh>sosakjnuewlzybhaiqmxpftcdrgo.inf</nh>
<url404></url404>
<srv>89.191.234.68:443</srv>
</sinj>
<sinj>
<mm>https://www.fcsolb.com*</mm>
<sm>https://www.fcsolb.com/cb/pages/jsp-ns/login.jsp*</sm>
<nh>rqsarfdbeupijcqxlkhvonwasytm.net</nh>
<url404></url404>
<srv>89.191.234.68:443</srv>
</sinj>
<sinj>
<mm>https://www2.secure.hsbcnet.com*</mm>
<sm>https://www2.secure.hsbcnet.com/uims/portal/IDV_CAM10_AUTHENTICATION*</sm>
<nh>chsabqsuxamypldofhntewczkjiv.inf</nh>
<url404></url404>
<srv>89.191.234.68:443</srv>
</sinj>
<sinj>
<mm>https://jpmorgan.chase.com*</mm>
<sm>https://jpmorgan.chase.com/Public/Logon*</sm>
<nh>hbsapbzatmhilokwsejyudvrgqcf.edu</nh>
<url404></url404>
<srv>89.191.234.68:443</srv>
</sinj>
<sinj>
<mm>https://eastwest.bankonline.com*</mm>
<sm>https://eastwest.bankonline.com/s1gcb/logon/sbuser*</sm>
<nh>bhsaxgniwfestvdkprjzacoubqml.net</nh>
<url404></url404>
<srv>89.191.234.68:443</srv>
</sinj>
<sinj>
<mm>https://fidelitytopeka.btbanking.com*</mm>
<sm>https://fidelitytopeka.btbanking.com/onlineserv/CM*</sm>
<nh>qdsalhkzqbyoexptfgrismnajucv.net</nh>
<url404></url404>
<srv>89.191.234.68:443</srv>
</sinj>
<sinj>
<mm>https://businessonline.tdbank.com*</mm>
<sm>https://businessonline.tdbank.com/corporatebankingweb/core/login.aspx*</sm>
<nh>sasahfpjklgmrywvebtaxuqzdios.net</nh>
<url404></url404>
<srv>89.191.234.68:443</srv>
</sinj>
<sinj>
<mm>https://blcweb.banquelaurentienne.ca*</mm>
<sm>https://blcweb.banquelaurentienne.ca/lang/en/BLCDirect*</sm>
<nh>cbsatrgomfezswhqaxbuynlvjdkp.org</nh>
<url404></url404>
<srv>89.191.234.68:443</srv>
</sinj>
<sinj>
<mm>https://www.goldman.com*</mm>
<sm>https://www.goldman.com/login/login_a.cgi*</sm>
<nh>kqsazhvqgxwyatfenkolsimprjdu.org</nh>
<url404></url404>
<srv>89.191.234.68:443</srv>
</sinj>
<sinj>
<mm>https://tdwealth.netxinvestor.com*</mm>
<sm>https://tdwealth.netxinvestor.com/web/tdwealth/login*</sm>
<nh>cbsatqrzjiamdnfpvcxgbwyheskl.nzo</nh>
<url404></url404>
<srv>89.191.234.68:443</srv>
</sinj>
<sinj>
<mm>https://singlepoint.usbank.com*</mm>
<sm>https://singlepoint.usbank.com/cs70_banking/logon/sbuser*</sm>
<nh>crsbnvwxgmjcltpidsbkfuroehya.net</nh>
<url404></url404>
<srv>89.191.234.68:443</srv>
</sinj>
<sinj>
<mm>https://mdcommercial.jpmorgan.com*</mm>
<sm>https://mdcommercial.jpmorgan.com/*</sm>
<nh>qrsahkregbxylndcvaqjwutfpimo.inf</nh>
<url404></url404>
<srv>89.191.234.68:443</srv>
</sinj>
<sinj>
<mm>https://www.expat.hsbc.com*</mm>
<sm>https://www.expat.hsbc.com/1/2/internet-banking*</sm>
<nh>oksdqodyszxiuavejcmklthrwngf.org</nh>
<url404></url404>
<srv>89.191.234.68:443</srv>
</sinj>
<sinj>
<mm>https://onepass.regions.com*</mm>
<sm>https://onepass.regions.com/oaam_server/oamLoginPage.jsp*</sm>
<nh>dssajvtyqmgneswoixduczfprkab.net</nh>
<url404></url404>
<srv>89.191.234.68:443</srv>
</sinj>
<sinj>
<mm>https://onepass.regions.com*</mm>
<sm>https://onepass.regions.com/oaam_server/oamLoginPage.jsp*</sm>
<nh>krsaxemdhpngrajtvyculwsikofq.org</nh>
<url404></url404>
<srv>89.191.234.68:443</srv>
</sinj>
<sinj>
<mm>https://cbforex.citizenscommercialbanking.com*</mm>
<sm>https://cbforex.citizenscommercialbanking.com/CitizensWebApplication/cbforex/loginScreen*</sm>
<nh>bdsaywlkbpfqajhoedgxuscztvnm.nzo</nh>
<url404></url404>
<srv>89.191.234.68:443</srv>
</sinj>
<sinj>
<mm>https://business2.danskebank.ie*</mm>
<sm>https://business2.danskebank.ie/pub/logon/logon.aspx*</sm>
<nh>dssalucexwonmipvksqbdzharytf.com</nh>
<url404></url404>
<srv>89.191.234.68:443</srv>
</sinj>
<sinj>
<mm>https://www.bbvanetcash.com*</mm>
<sm>https://www.bbvanetcash.com/local_kyop/KYOPSolicitarCredenciales.html*</sm>
<nh>qcscvquayxbckdlmwrofnzjetgsi.com</nh>
<url404></url404>
<srv>89.191.234.68:443</srv>
</sinj>
<sinj>
<mm>https://secure.cafbank.org*</mm>
<sm>https://secure.cafbank.org/Default.aspx*</sm>
<nh>qdsdnwmigbxvfdytpjekaqlzohsc.org</nh>
<url404></url404>
<srv>89.191.234.68:443</srv>
</sinj>
<sinj>
<mm>https://portal.sutorbank.de*</mm>
<sm>https://portal.sutorbank.de/*</sm>
<nh>dhscivnrjxcybuozkldqgtemwspa.com</nh>
<url404></url404>
<srv>89.191.234.68:443</srv>
</sinj>
<sinj>
<mm>https://banking.martinbank.de*</mm>
<sm>https://banking.martinbank.de/*</sm>
<nh>crsdtwxhavljbpieyksmcqufndgr.com</nh>
<url404></url404>
<srv>89.191.234.68:443</srv>
</sinj>
<sinj>
<mm>https://login.isso.db.com*</mm>
<sm>https://login.isso.db.com/websso/sso_multi_auth_Logon.sso*</sm>
<nh>kcsaqwhuavymforjcbinpteldzxk.net</nh>
<url404></url404>
<srv>89.191.234.68:443</srv>
</sinj>
<sinj>
<mm>https://my.hypovereinsbank.de*</mm>
<sm>https://my.hypovereinsbank.de/login*</sm>
<nh>obsaazvidfnmsqhoxpgeyrlbtukw.org</nh>
<url404></url404>
<srv>89.191.234.68:443</srv>
</sinj>
<sinj>
<mm>https://www.banking.axa.de*</mm>
<sm>https://www.banking.axa.de/OnlineBankingWebfrontend/banking/common/login.xhtml*</sm>
<nh>ossazatsjfkvrqbdenhcxlgpwmuy.org</nh>
<url404></url404>
<srv>89.191.234.68:443</srv>
</sinj>
<sinj>
<mm>https://my.banklenz.de*</mm>
<sm>https://my.banklenz.de/web/guest/login*</sm>
<nh>oksagnxicsjlymavrqbfkdwzptuh.org</nh>
<url404></url404>
<srv>89.191.234.68:443</srv>
</sinj>
<sinj>
<mm>https://banking.martinbank.de*</mm>
<sm>https://banking.martinbank.de/*</sm>
<nh>aasauncqvsrdbzxhymkjetaglpwf.org</nh>
<url404></url404>
<srv>89.191.234.68:443</srv>
</sinj>
<sinj>
<mm>https://www.bv-activebanking.de*</mm>
<sm>https://www.bv-activebanking.de/trinkaus/loginFormAction.do*</sm>
<nh>adsadqwogukhrsxyinbfvetamplz.org</nh>
<url404></url404>
<srv>89.191.234.68:443</srv>
</sinj>
<sinj>
<mm>https://extra.unicreditbank.hu*</mm>
<sm>https://extra.unicreditbank.hu/eibpublic_SP/login.en.html*</sm>
<nh>aqsatlibxzncujvgrwpksafoyqme.org</nh>
<url404></url404>
<srv>89.191.234.68:443</srv>
</sinj>
<sinj>
<mm>https://extra.unicreditbank.hu*</mm>
<sm>https://extra.unicreditbank.hu/eibpublic_SP/login.hu.html*</sm>
<nh>ahsauyamjihcgzbonxedklwsqtpv.org</nh>
<url404></url404>
<srv>89.191.234.68:443</srv>
</sinj>
<sinj>
<mm>https://extra.unicreditbank.hu*</mm>
<sm>https://extra.unicreditbank.hu/eibpublic_SP/login.de.html*</sm>
<nh>assaqgfstximrkyndvplwajozbhc.org</nh>
<url404></url404>
<srv>89.191.234.68:443</srv>
</sinj>
<sinj>
<mm>https://banking.donner-reuschel.de*</mm>
<sm>https://banking.donner-reuschel.de/index.jsp*</sm>
<nh>casakiuefnmxsjagqwdtvoclpzhr.org</nh>
<url404></url404>
<srv>89.191.234.68:443</srv>
</sinj>
<sinj>
<mm>https://b2b.dab-bank.de*</mm>
<sm>https://b2b.dab-bank.de/Systeme-Tools/Login/*</sm>
<nh>dasaehtyfmjxbznsuiqvgpkclrwd.org</nh>
<url404></url404>
<srv>89.191.234.68:443</srv>
</sinj>
<sinj>
<mm>https://www.degussa-bank.de*</mm>
<sm>https://www.degussa-bank.de/login*</sm>
<nh>dcsabjlyfwruqdzegkiavcmshptn.org</nh>
<url404></url404>
<srv>89.191.234.68:443</srv>
</sinj>
<sinj>
<mm>https://finanzportal.fiducia.de*</mm>
<sm>https://finanzportal.fiducia.de/p01pebe/entry*</sm>
<nh>ddsadkpgiqxubrnvotechymwzafs.org</nh>
<url404></url404>
<srv>89.191.234.68:443</srv>
</sinj>
<sinj>
<mm>https://db-direct.db.com*</mm>
<sm>https://db-direct.db.com/u/eb/Login_Main.serv*</sm>
<nh>dqsaqcyaivzsorhfneulgbtpjdwm.org</nh>
<url404></url404>
<srv>89.191.234.68:443</srv>
</sinj>
<sinj>
<mm>https://www.asl.com*</mm>
<sm>https://www.asl.com/asl/login/entryFrame.jsp*</sm>
<nh>dksaxnhklwrejtgyczavumisbqfp.org</nh>
<url404></url404>
<srv>89.191.234.68:443</srv>
</sinj>
<sinj>
<mm>https://banking.ing-diba.de*</mm>
<sm>https://banking.ing-diba.de/app/login*</sm>
<nh>bosafghkjdwvbyasxmlzprcotueq.org</nh>
<url404></url404>
<srv>89.191.234.68:443</srv>
</sinj>
<sinj>
<mm>https://kunden-mkb-bank.de*</mm>
<sm>https://kunden-mkb-bank.de/*</sm>
<nh>bcsavwnbtuesdkfgilcrxhyqmjap.org</nh>
<url404></url404>
<srv>89.191.234.68:443</srv>
</sinj>
<sinj>
<mm>https://www.mkbag.de*</mm>
<sm>https://www.mkbag.de/banking-business/entry*</sm>
<nh>bdsalphobeqdjwvituafrzkmyncx.org</nh>
<url404></url404>
<srv>89.191.234.68:443</srv>
</sinj>
<sinj>
<mm>https://hbciweb.olb.de*</mm>
<sm>https://hbciweb.olb.de/financebrowser5*</sm>
<nh>bqsartxpdhcwnjoseiyugabfmvkq.org</nh>
<url404></url404>
<srv>89.191.234.68:443</srv>
</sinj>
<sinj>
<mm>https://banking.oyakankerbank.de*</mm>
<sm>https://banking.oyakankerbank.de/[?]*</sm>
<nh>bhsabfnqrscdyumpikzejtavxhlw.org</nh>
<url404></url404>
<srv>89.191.234.68:443</srv>
</sinj>
<sinj>
<mm>https://ebanking.schwaebische-bank.de*</mm>
<sm>https://ebanking.schwaebische-bank.de/loginStart.do*</sm>
<nh>rosazumteqygovildhsabfcxwkrn.org</nh>
<url404></url404>
<srv>89.191.234.68:443</srv>
</sinj>
<sinj>
<mm>https://banking.steylerbank.de*</mm>
<sm>https://banking.steylerbank.de/ptlweb/WebPortal*</sm>
<nh>rdsabhxwtzkpmqfgyijdslarecnu.org</nh>
<url404></url404>
<srv>89.191.234.68:443</srv>
</sinj>
<sinj>
<mm>https://www.unionbank.de*</mm>
<sm>https://www.unionbank.de/banking-private/entry*</sm>
<nh>acsaqntrdjvazgxiseyfbopwmchu.nzo</nh>
<url404></url404>
<srv>89.191.234.68:443</srv>
</sinj>
<sinj>
<mm>https://www.volkswagenbank.de*</mm>
<sm>https://www.volkswagenbank.de/PortalLogin/get/Error.aspx/*</sm>
<nh>adsaxtrhbzefwyimlnkocspjdvug.nzo</nh>
<url404></url404>
<srv>89.191.234.68:443</srv>
</sinj>
<sinj>
<mm>https://banking.berenberg.de*</mm>
<sm>https://banking.berenberg.de/onlinebanking-berenberg/loginFormAction.do*</sm>
<nh>arsacuhzsdiyopgektbaljqnrmxf.nzo</nh>
<url404></url404>
<srv>89.191.234.68:443</srv>
</sinj>
<sinj>
<mm>https://banking.varengold.de*</mm>
<sm>https://banking.varengold.de/OnlineBankingWebfrontend/banking/common/login.xhtml*</sm>
<nh>aqsaevkzqhyxwuoibmdpstrgnflj.nzo</nh>
<url404></url404>
<srv>89.191.234.68:443</srv>
</sinj>
<sinj>
<mm>https://casextern.creditplus.de*</mm>
<sm>https://casextern.creditplus.de/casextern_prod1/login*</sm>
<nh>ccsclkwjapfedgmuhcynqoirsvxz.com</nh>
<url404></url404>
<srv>89.191.234.68:443</srv>
</sinj>
<sinj>
<mm>https://www.asl.com*</mm>
<sm>https://www.asl.com/c/portal/login*</sm>
<nh>crscjisdyregwflotxabvnpcmukh.com</nh>
<url404></url404>
<srv>89.191.234.68:443</srv>
</sinj>
<sinj>
<mm>https://ufo.union-investment.de*</mm>
<sm>https://ufo.union-investment.de/process*</sm>
<nh>cssczdpgvsnbhtfqcowmujxkyear.com</nh>
<url404></url404>
<srv>89.191.234.68:443</srv>
</sinj>
<sinj>
<mm>https://www.mercedes-benz-bank.de*</mm>
<sm>https://www.mercedes-benz-bank.de/intrade/login/login.jsf*</sm>
<nh>ckscbzjawoxnvghqtslrmudcyfpe.com</nh>
<url404></url404>
<srv>89.191.234.68:443</srv>
</sinj>
<sinj>
<mm>https://wertpapier.hafnerbank.de*</mm>
<sm>https://wertpapier.hafnerbank.de/*</sm>
<nh>ddscltshmvfceaxnkwqyopizdbur.com</nh>
<url404></url404>
<srv>89.191.234.68:443</srv>
</sinj>
<sinj>
<mm>https://www.bankhaus-lampe.de*</mm>
<sm>https://www.bankhaus-lampe.de/en/client-portal*</sm>
<nh>dbscocufbdmgpjsqexvlyztwikan.com</nh>
<url404></url404>
<srv>89.191.234.68:443</srv>
</sinj>
<sinj>
<mm>https://securebanking.hanseaticbank.de*</mm>
<sm>https://securebanking.hanseaticbank.de/onlinebanking-hb/loginFormAction.do*</sm>
<nh>drscexrwvubctidlsjmyfqahnpkz.com</nh>
<url404></url404>
<srv>89.191.234.68:443</srv>
</sinj>
<sinj>
<mm>https://meine.sutorbank.de*</mm>
<sm>https://meine.sutorbank.de/*</sm>
<nh>dqscnrdweoqvfxszklpycumjihtb.com</nh>
<url404></url404>
<srv>89.191.234.68:443</srv>
</sinj>
<sinj>
<mm>https://e-bank.wuestenrot.de*</mm>
<sm>https://e-bank.wuestenrot.de/ebanking/eb/index.html*</sm>
<nh>dsscivenyjzkxophgcmwasdbrqtl.com</nh>
<url404></url404>
<srv>89.191.234.68:443</srv>
</sinj>
<sinj>
<mm>https://online.bank-abc.com*</mm>
<sm>https://online.bank-abc.com/Global/login.aspx*</sm>
<nh>dkscfxgnypsvoahidkuwzetmlcrq.com</nh>
<url404></url404>
<srv>89.191.234.68:443</srv>
</sinj>
<sinj>
<mm>https://banking.bankofscotland.de*</mm>
<sm>https://banking.bankofscotland.de/*</sm>
<nh>boscxftbulvwrzksdhqncpegyjam.com</nh>
<url404></url404>
<srv>89.191.234.68:443</srv>
</sinj>
<sinj>
<mm>https://ebank.garantibank.nl*</mm>
<sm>https://ebank.garantibank.nl/scripts/gbide.dll*</sm>
<nh>bascqriujekxdbthmzgnlpfywvco.com</nh>
<url404></url404>
<srv>89.191.234.68:443</srv>
</sinj>
<sinj>
<mm>https://hypoonline.hypotirol.com*</mm>
<sm>https://www.hypotirol.com/at/privatkunden/hypo-online/hypo-online-banking/login.html*</sm>
<nh>bcscgwxmliedabqfvoszkutjryhn.com</nh>
<url404></url404>
<srv>89.191.234.68:443</srv>
</sinj>
<sinj>
<mm>https://banking.oberbank.de*</mm>
<sm>https://banking.oberbank.de/smartoffice/de/_mcologon*</sm>
<nh>bdschoyusdwkgctnmjpizarvblfx.com</nh>
<url404></url404>
<srv>89.191.234.68:443</srv>
</sinj>
<sinj>
<mm>https://www.banking-oberbank.at*</mm>
<sm>https://www.oberbank-banking.at/obk/tiles/start.action*</sm>
<nh>bbscgcsxmqjdbafwtiohvnkzrelp.com</nh>
<url404></url404>
<srv>89.191.234.68:443</srv>
</sinj>
<sinj>
<mm>https://kunde.onvista-bank.de*</mm>
<sm>https://kunde.onvista-bank.de/login.html*</sm>
<nh>brschvjtzpbyskwfacxnidrueqlo.com</nh>
<url404></url404>
<srv>89.191.234.68:443</srv>
</sinj>
<sinj>
<mm>https://www.abnamro.nl*</mm>
<sm>https://www.abnamro.nl/portalserver/en/corporatebanking/login*</sm>
<nh>bqscliemkdytranxoujsbzfqgvhp.com</nh>
<url404></url404>
<srv>89.191.234.68:443</srv>
</sinj>
<sinj>
<mm>https://kso.bw-bank.de*</mm>
<sm>https://kso.bw-bank.de/KSOClient/bwbank/login*</sm>
<nh>bhscwkhblnyxpadcefjuioqvzmgt.com</nh>
<url404></url404>
<srv>89.191.234.68:443</srv>
</sinj>
<sinj>
<mm>https://www.moneyou.de*</mm>
<sm>https://www.moneyou.de/PersoenlicheSeite/Login*</sm>
<nh>bsscwyxnivfhrcqktlgjpsdzaebo.com</nh>
<url404></url404>
<srv>89.191.234.68:443</srv>
</sinj>
<sinj>
<mm>https://banking.haspa.de*</mm>
<sm>https://banking.haspa.de/OF/banking/authenticate/login*</sm>
<nh>roscdfuolejyisvcrxpgzwqkmtnb.com</nh>
<url404></url404>
<srv>89.191.234.68:443</srv>
</sinj>
<sinj>
<mm>https://www.dslbank.de*</mm>
<sm>https://www.dslbank.de/dienste/partner/index.html*</sm>
<nh>rcscwtcfsiuryomehjnlbqzvxdpg.com</nh>
<url404></url404>
<srv>89.191.234.68:443</srv>
</sinj>
<sinj>
<mm>https://ebanking.denizbank.at*</mm>
<sm>https://ebanking.denizbank.at/LoginIB.aspx*</sm>
<nh>rdscehvnzxdgslaqtcrjmiybpwuf.com</nh>
<url404></url404>
<srv>89.191.234.68:443</srv>
</sinj>
<sinj>
<mm>https://meine.postbank.de*</mm>
<sm>https://meine.postbank.de/#/login*</sm>
<nh>ohsdrcoksbeauxdjyimlhwvfpznt.com</nh>
<url404></url404>
<srv>89.191.234.68:443</srv>
</sinj>
<sinj>
<mm>https://webzr.aktivbank.de*</mm>
<sm>https://webzr.aktivbank.de/webzr/login/ShowLogin.do*</sm>
<nh>casdxzgfnmvhdyqecbjiulpwoakr.com</nh>
<url404></url404>
<srv>89.191.234.68:443</srv>
</sinj>
<sinj>
<mm>https://akp.aab.de*</mm>
<sm>https://akp.aab.de/akp/vermoegensstatus/uebersicht.do*</sm>
<nh>ccsdqsrbdngtaycxlhzfopkmeujw.com</nh>
<url404></url404>
<srv>89.191.234.68:443</srv>
</sinj>
<sinj>
<mm>https://portal.baaderbank.de*</mm>
<sm>https://portal.baaderbank.de/onlinebanking-baader/loginFormAction.do*</sm>
<nh>cdsdhkumrsvycfogajixbewnqltp.com</nh>
<url404></url404>
<srv>89.191.234.68:443</srv>
</sinj>
<sinj>
<mm>https://portal4.sydbank.dk*</mm>
<sm>https://portal4.sydbank.dk/wps/bankdata/jsp/html/da/PortalFrame.jsp*</sm>
<nh>chsdsmcxtrlabfpwvkuodznqgiey.com</nh>
<url404></url404>
<srv>89.191.234.68:443</srv>
</sinj>
<sinj>
<mm>https://www.sydbank.de*</mm>
<sm>https://www.sydbank.de/Sign/DE/_mcologon*</sm>
<nh>cssdjbczoygklefhmsvrwutqpaix.com</nh>
<url404></url404>
<srv>89.191.234.68:443</srv>
</sinj>
<sinj>
<mm>https://ssl.icoio.de*</mm>
<sm>https://ssl.icoio.de/account*</sm>
<nh>cksdleaxgvpzuwsnitydmckjoqrf.com</nh>
<url404></url404>
<srv>89.191.234.68:443</srv>
</sinj>
<sinj>
<mm>https://ssl.icoio.de*</mm>
<sm>https://ssl.icoio.de/cash*</sm>
<nh>dosdvrnimxqhuzjlckoagwebptfs.com</nh>
<url404></url404>
<srv>89.191.234.68:443</srv>
</sinj>
<sinj>
<mm>https://ssl.icoio.de*</mm>
<sm>https://ssl.icoio.de/realestate*</sm>
<nh>dasdmihtzcnxwvoudbyklrsfqgaj.com</nh>
<url404></url404>
<srv>89.191.234.68:443</srv>
</sinj>
<sinj>
<mm>https://konto.biw-bank.de*</mm>
<sm>https://konto.biw-bank.de/onlinebanking-biwvp/login*</sm>
<nh>dcsdxcyzkjrndsgtaeuhlpwvmboq.com</nh>
<url404></url404>
<srv>89.191.234.68:443</srv>
</sinj>
<sinj>
<mm>https://banking.bmwbank.de*</mm>
<sm>https://banking.bmwbank.de/*</sm>
<nh>ddsdkctezrwanxupjhiqolbmgvsd.com</nh>
<url404></url404>
<srv>89.191.234.68:443</srv>
</sinj>
<sinj>
<mm>https://www.hypotirol.com*</mm>
<sm>https://www.hypotirol.com/oesterreich/boersen-maerkte/musterdepot/login/*</sm>
<nh>ssscsvblxopuchtiwmfzenykdgjq.edu</nh>
<url404></url404>
<srv>89.191.234.68:443</srv>
</sinj>
<sinj>
<mm>https://firmenkarten.degussa-bank.de*</mm>
<sm>https://firmenkarten.degussa-bank.de/login*</sm>
<nh>skscvudyabkimjotrlpnzfehcwgs.edu</nh>
<url404></url404>
<srv>89.191.234.68:443</srv>
</sinj>
<sinj>
<mm>https://apps.bhw.de*</mm>
<sm>https://apps.bhw.de/es600/index.jsp*</sm>
<nh>absajzxcvurktdlwmsgqpyeonbif.org</nh>
<url404></url404>
<srv>89.191.234.68:443</srv>
</sinj>
<sinj>
<mm>https://login.isso.db.com*</mm>
<sm>https://login.isso.db.com/websso/sso_custom_multi_auth_flex_Logon.sso*</sm>
<nh>drsajleaougwdzsxyrqcnkvbtmif.org</nh>
<url404></url404>
<srv>89.191.234.68:443</srv>
</sinj>
<sinj>
<mm>https://konto.baaderbank.de*</mm>
<sm>https://konto.baaderbank.de/*</sm>
<nh>bbsayohelandcgvwkqtusfpibmxz.org</nh>
<url404></url404>
<srv>89.191.234.68:443</srv>
</sinj>
<sinj>
<mm>https://securebank.santander.de*</mm>
<sm>https://securebank.santander.de/IRALOG_UNILOGON_ENS/BtoChannelDriver.ssobto*</sm>
<nh>dascjbxcuakzhwngyfismrlpvqet.com</nh>
<url404></url404>
<srv>89.191.234.68:443</srv>
</sinj>
<sinj>
<mm>https://online.akbank.de*</mm>
<sm>https://online.akbank.de/onlinebanking/de/Login.html*</sm>
<nh>ossdliucnthvkgajqsympwodfebr.com</nh>
<url404></url404>
<srv>89.191.234.68:443</srv>
</sinj>
<sinj>
<mm>https://portal.berenberg.de*</mm>
<sm>https://portal.berenberg.de/MULTIVERSA-IFP/faces/login/login.jsf*</sm>
<nh>casbnpzxlsdryjogkwbaumhfivtc.net</nh>
<url404></url404>
<srv>89.191.234.68:443</srv>
</sinj>
</slist>
