[
  {
    "outputFileName": "wwwroot/css/site.min.css",
    "inputFiles": [
      "wwwroot/css/site.css"
    ]
  },
  {
    "outputFileName": "wwwroot/css/bootstrap.min.css",
    "inputFiles": [
      "wwwroot/lib/bootstrap/dist/css/bootstrap.css"
    ]
  },

  {
    "outputFileName": "wwwroot/js/site.min.js",
    "inputFiles": [
      "wwwroot/js/site.js"
    ],
    "minify": {
      "enabled": true,
      "renameLocals": true
    },
    "sourceMap": false
  },
  {
    "outputFileName": "wwwroot/js/jquery.min.js",
    "inputFiles": [
      "wwwroot/lib/jquery/dist/jquery.js",
    ],
    "minify": {
      "enabled": true,
      "renameLocals": true
    },
    "sourceMap": false
  },
  {
    "outputFileName": "wwwroot/js/bootstrap.min.js",
    "inputFiles": [
      "wwwroot/lib/bootstrap/dist/js/bootstrap.js"
    ],
    "minify": {
      "enabled": true,
      "renameLocals": true
    },
    "sourceMap": false
  }
]